DATE,BAMLCC0A0CMTRIV,BAMLHYH0A0HYM2TRIV,CORESTICKM159SFRBATL,CSUSHPINSA,GDP,GS1,GS10,GS30,GS5,PCEPI,PCEPILFE,SPY,T10Y2Y,T10Y2YM,T5YIE,UNRATE,WFRBST01134,WILL5000INDFC,WILLSMLCAP
1947-01,0,0,0.0,0.0,243.164,0.0,0.0,0.0,0.0,0.0,0.0,0.0,0,0.0,0,0.0,0.0,0,0
1947-04,0,0,0.0,0.0,245.968,0.0,0.0,0.0,0.0,0.0,0.0,0.0,0,0.0,0,0.0,0.0,0,0
1947-07,0,0,0.0,0.0,249.585,0.0,0.0,0.0,0.0,0.0,0.0,0.0,0,0.0,0,0.0,0.0,0,0
1947-10,0,0,0.0,0.0,259.745,0.0,0.0,0.0,0.0,0.0,0.0,0.0,0,0.0,0,0.0,0.0,0,0
1948-01,0,0,0.0,0.0,265.742,0.0,0.0,0.0,0.0,0.0,0.0,0.0,0,0.0,0,3.4,0.0,0,0
1948-02,0,0,0.0,0.0,265.742,0.0,0.0,0.0,0.0,0.0,0.0,0.0,0,0.0,0,3.8,0.0,0,0
1948-03,0,0,0.0,0.0,265.742,0.0,0.0,0.0,0.0,0.0,0.0,0.0,0,0.0,0,4.0,0.0,0,0
1948-04,0,0,0.0,0.0,272.567,0.0,0.0,0.0,0.0,0.0,0.0,0.0,0,0.0,0,3.9,0.0,0,0
1948-05,0,0,0.0,0.0,272.567,0.0,0.0,0.0,0.0,0.0,0.0,0.0,0,0.0,0,3.5,0.0,0,0
1948-06,0,0,0.0,0.0,272.567,0.0,0.0,0.0,0.0,0.0,0.0,0.0,0,0.0,0,3.6,0.0,0,0
1948-07,0,0,0.0,0.0,279.196,0.0,0.0,0.0,0.0,0.0,0.0,0.0,0,0.0,0,3.6,0.0,0,0
1948-08,0,0,0.0,0.0,279.196,0.0,0.0,0.0,0.0,0.0,0.0,0.0,0,0.0,0,3.9,0.0,0,0
1948-09,0,0,0.0,0.0,279.196,0.0,0.0,0.0,0.0,0.0,0.0,0.0,0,0.0,0,3.8,0.0,0,0
1948-10,0,0,0.0,0.0,280.366,0.0,0.0,0.0,0.0,0.0,0.0,0.0,0,0.0,0,3.7,0.0,0,0
1948-11,0,0,0.0,0.0,280.366,0.0,0.0,0.0,0.0,0.0,0.0,0.0,0,0.0,0,3.8,0.0,0,0
1948-12,0,0,0.0,0.0,280.366,0.0,0.0,0.0,0.0,0.0,0.0,0.0,0,0.0,0,4.0,0.0,0,0
1949-01,0,0,0.0,0.0,275.034,0.0,0.0,0.0,0.0,0.0,0.0,0.0,0,0.0,0,4.3,0.0,0,0
1949-02,0,0,0.0,0.0,275.034,0.0,0.0,0.0,0.0,0.0,0.0,0.0,0,0.0,0,4.7,0.0,0,0
1949-03,0,0,0.0,0.0,275.034,0.0,0.0,0.0,0.0,0.0,0.0,0.0,0,0.0,0,5.0,0.0,0,0
1949-04,0,0,0.0,0.0,271.351,0.0,0.0,0.0,0.0,0.0,0.0,0.0,0,0.0,0,5.3,0.0,0,0
1949-05,0,0,0.0,0.0,271.351,0.0,0.0,0.0,0.0,0.0,0.0,0.0,0,0.0,0,6.1,0.0,0,0
1949-06,0,0,0.0,0.0,271.351,0.0,0.0,0.0,0.0,0.0,0.0,0.0,0,0.0,0,6.2,0.0,0,0
1949-07,0,0,0.0,0.0,272.889,0.0,0.0,0.0,0.0,0.0,0.0,0.0,0,0.0,0,6.7,0.0,0,0
1949-08,0,0,0.0,0.0,272.889,0.0,0.0,0.0,0.0,0.0,0.0,0.0,0,0.0,0,6.8,0.0,0,0
1949-09,0,0,0.0,0.0,272.889,0.0,0.0,0.0,0.0,0.0,0.0,0.0,0,0.0,0,6.6,0.0,0,0
1949-10,0,0,0.0,0.0,270.627,0.0,0.0,0.0,0.0,0.0,0.0,0.0,0,0.0,0,7.9,0.0,0,0
1949-11,0,0,0.0,0.0,270.627,0.0,0.0,0.0,0.0,0.0,0.0,0.0,0,0.0,0,6.4,0.0,0,0
1949-12,0,0,0.0,0.0,270.627,0.0,0.0,0.0,0.0,0.0,0.0,0.0,0,0.0,0,6.6,0.0,0,0
1950-01,0,0,0.0,0.0,280.828,0.0,0.0,0.0,0.0,0.0,0.0,0.0,0,0.0,0,6.5,0.0,0,0
1950-02,0,0,0.0,0.0,280.828,0.0,0.0,0.0,0.0,0.0,0.0,0.0,0,0.0,0,6.4,0.0,0,0
1950-03,0,0,0.0,0.0,280.828,0.0,0.0,0.0,0.0,0.0,0.0,0.0,0,0.0,0,6.3,0.0,0,0
1950-04,0,0,0.0,0.0,290.383,0.0,0.0,0.0,0.0,0.0,0.0,0.0,0,0.0,0,5.8,0.0,0,0
1950-05,0,0,0.0,0.0,290.383,0.0,0.0,0.0,0.0,0.0,0.0,0.0,0,0.0,0,5.5,0.0,0,0
1950-06,0,0,0.0,0.0,290.383,0.0,0.0,0.0,0.0,0.0,0.0,0.0,0,0.0,0,5.4,0.0,0,0
1950-07,0,0,0.0,0.0,308.153,0.0,0.0,0.0,0.0,0.0,0.0,0.0,0,0.0,0,5.0,0.0,0,0
1950-08,0,0,0.0,0.0,308.153,0.0,0.0,0.0,0.0,0.0,0.0,0.0,0,0.0,0,4.5,0.0,0,0
1950-09,0,0,0.0,0.0,308.153,0.0,0.0,0.0,0.0,0.0,0.0,0.0,0,0.0,0,4.4,0.0,0,0
1950-10,0,0,0.0,0.0,319.945,0.0,0.0,0.0,0.0,0.0,0.0,0.0,0,0.0,0,4.2,0.0,0,0
1950-11,0,0,0.0,0.0,319.945,0.0,0.0,0.0,0.0,0.0,0.0,0.0,0,0.0,0,4.2,0.0,0,0
1950-12,0,0,0.0,0.0,319.945,0.0,0.0,0.0,0.0,0.0,0.0,0.0,0,0.0,0,4.3,0.0,0,0
1951-01,0,0,0.0,0.0,336.0,0.0,0.0,0.0,0.0,0.0,0.0,0.0,0,0.0,0,3.7,0.0,0,0
1951-02,0,0,0.0,0.0,336.0,0.0,0.0,0.0,0.0,0.0,0.0,0.0,0,0.0,0,3.4,0.0,0,0
1951-03,0,0,0.0,0.0,336.0,0.0,0.0,0.0,0.0,0.0,0.0,0.0,0,0.0,0,3.4,0.0,0,0
1951-04,0,0,0.0,0.0,344.09,0.0,0.0,0.0,0.0,0.0,0.0,0.0,0,0.0,0,3.1,0.0,0,0
1951-05,0,0,0.0,0.0,344.09,0.0,0.0,0.0,0.0,0.0,0.0,0.0,0,0.0,0,3.0,0.0,0,0
1951-06,0,0,0.0,0.0,344.09,0.0,0.0,0.0,0.0,0.0,0.0,0.0,0,0.0,0,3.2,0.0,0,0
1951-07,0,0,0.0,0.0,351.385,0.0,0.0,0.0,0.0,0.0,0.0,0.0,0,0.0,0,3.1,0.0,0,0
1951-08,0,0,0.0,0.0,351.385,0.0,0.0,0.0,0.0,0.0,0.0,0.0,0,0.0,0,3.1,0.0,0,0
1951-09,0,0,0.0,0.0,351.385,0.0,0.0,0.0,0.0,0.0,0.0,0.0,0,0.0,0,3.3,0.0,0,0
1951-10,0,0,0.0,0.0,356.178,0.0,0.0,0.0,0.0,0.0,0.0,0.0,0,0.0,0,3.5,0.0,0,0
1951-11,0,0,0.0,0.0,356.178,0.0,0.0,0.0,0.0,0.0,0.0,0.0,0,0.0,0,3.5,0.0,0,0
1951-12,0,0,0.0,0.0,356.178,0.0,0.0,0.0,0.0,0.0,0.0,0.0,0,0.0,0,3.1,0.0,0,0
1952-01,0,0,0.0,0.0,359.82,0.0,0.0,0.0,0.0,0.0,0.0,0.0,0,0.0,0,3.2,0.0,0,0
1952-02,0,0,0.0,0.0,359.82,0.0,0.0,0.0,0.0,0.0,0.0,0.0,0,0.0,0,3.1,0.0,0,0
1952-03,0,0,0.0,0.0,359.82,0.0,0.0,0.0,0.0,0.0,0.0,0.0,0,0.0,0,2.9,0.0,0,0
1952-04,0,0,0.0,0.0,361.03,0.0,0.0,0.0,0.0,0.0,0.0,0.0,0,0.0,0,2.9,0.0,0,0
1952-05,0,0,0.0,0.0,361.03,0.0,0.0,0.0,0.0,0.0,0.0,0.0,0,0.0,0,3.0,0.0,0,0
1952-06,0,0,0.0,0.0,361.03,0.0,0.0,0.0,0.0,0.0,0.0,0.0,0,0.0,0,3.0,0.0,0,0
1952-07,0,0,0.0,0.0,367.701,0.0,0.0,0.0,0.0,0.0,0.0,0.0,0,0.0,0,3.2,0.0,0,0
1952-08,0,0,0.0,0.0,367.701,0.0,0.0,0.0,0.0,0.0,0.0,0.0,0,0.0,0,3.4,0.0,0,0
1952-09,0,0,0.0,0.0,367.701,0.0,0.0,0.0,0.0,0.0,0.0,0.0,0,0.0,0,3.1,0.0,0,0
1952-10,0,0,0.0,0.0,380.812,0.0,0.0,0.0,0.0,0.0,0.0,0.0,0,0.0,0,3.0,0.0,0,0
1952-11,0,0,0.0,0.0,380.812,0.0,0.0,0.0,0.0,0.0,0.0,0.0,0,0.0,0,2.8,0.0,0,0
1952-12,0,0,0.0,0.0,380.812,0.0,0.0,0.0,0.0,0.0,0.0,0.0,0,0.0,0,2.7,0.0,0,0
1953-01,0,0,0.0,0.0,387.98,0.0,0.0,0.0,0.0,0.0,0.0,0.0,0,0.0,0,2.9,0.0,0,0
1953-02,0,0,0.0,0.0,387.98,0.0,0.0,0.0,0.0,0.0,0.0,0.0,0,0.0,0,2.6,0.0,0,0
1953-03,0,0,0.0,0.0,387.98,0.0,0.0,0.0,0.0,0.0,0.0,0.0,0,0.0,0,2.6,0.0,0,0
1953-04,0,0,0.0,0.0,391.749,2.36,2.83,0.0,2.62,0.0,0.0,0.0,0,0.0,0,2.7,0.0,0,0
1953-05,0,0,0.0,0.0,391.749,2.48,3.05,0.0,2.87,0.0,0.0,0.0,0,0.0,0,2.5,0.0,0,0
1953-06,0,0,0.0,0.0,391.749,2.45,3.11,0.0,2.94,0.0,0.0,0.0,0,0.0,0,2.5,0.0,0,0
1953-07,0,0,0.0,0.0,391.171,2.38,2.93,0.0,2.75,0.0,0.0,0.0,0,0.0,0,2.6,0.0,0,0
1953-08,0,0,0.0,0.0,391.171,2.28,2.95,0.0,2.8,0.0,0.0,0.0,0,0.0,0,2.7,0.0,0,0
1953-09,0,0,0.0,0.0,391.171,2.2,2.87,0.0,2.71,0.0,0.0,0.0,0,0.0,0,2.9,0.0,0,0
1953-10,0,0,0.0,0.0,385.97,1.79,2.66,0.0,2.43,0.0,0.0,0.0,0,0.0,0,3.1,0.0,0,0
1953-11,0,0,0.0,0.0,385.97,1.67,2.68,0.0,2.42,0.0,0.0,0.0,0,0.0,0,3.5,0.0,0,0
1953-12,0,0,0.0,0.0,385.97,1.66,2.59,0.0,2.32,0.0,0.0,0.0,0,0.0,0,4.5,0.0,0,0
1954-01,0,0,0.0,0.0,385.345,1.41,2.48,0.0,2.17,0.0,0.0,0.0,0,0.0,0,4.9,0.0,0,0
1954-02,0,0,0.0,0.0,385.345,1.14,2.47,0.0,2.04,0.0,0.0,0.0,0,0.0,0,5.2,0.0,0,0
1954-03,0,0,0.0,0.0,385.345,1.13,2.37,0.0,1.93,0.0,0.0,0.0,0,0.0,0,5.7,0.0,0,0
1954-04,0,0,0.0,0.0,386.121,0.96,2.29,0.0,1.87,0.0,0.0,0.0,0,0.0,0,5.9,0.0,0,0
1954-05,0,0,0.0,0.0,386.121,0.85,2.37,0.0,1.92,0.0,0.0,0.0,0,0.0,0,5.9,0.0,0,0
1954-06,0,0,0.0,0.0,386.121,0.82,2.38,0.0,1.92,0.0,0.0,0.0,0,0.0,0,5.6,0.0,0,0
1954-07,0,0,0.0,0.0,390.996,0.84,2.3,0.0,1.85,0.0,0.0,0.0,0,0.0,0,5.8,0.0,0,0
1954-08,0,0,0.0,0.0,390.996,0.88,2.36,0.0,1.9,0.0,0.0,0.0,0,0.0,0,6.0,0.0,0,0
1954-09,0,0,0.0,0.0,390.996,1.03,2.38,0.0,1.96,0.0,0.0,0.0,0,0.0,0,6.1,0.0,0,0
1954-10,0,0,0.0,0.0,399.734,1.17,2.43,0.0,2.02,0.0,0.0,0.0,0,0.0,0,5.7,0.0,0,0
1954-11,0,0,0.0,0.0,399.734,1.14,2.48,0.0,2.09,0.0,0.0,0.0,0,0.0,0,5.3,0.0,0,0
1954-12,0,0,0.0,0.0,399.734,1.21,2.51,0.0,2.16,0.0,0.0,0.0,0,0.0,0,5.0,0.0,0,0
1955-01,0,0,0.0,0.0,413.073,1.39,2.61,0.0,2.32,0.0,0.0,0.0,0,0.0,0,4.9,0.0,0,0
1955-02,0,0,0.0,0.0,413.073,1.57,2.65,0.0,2.38,0.0,0.0,0.0,0,0.0,0,4.7,0.0,0,0
1955-03,0,0,0.0,0.0,413.073,1.59,2.68,0.0,2.48,0.0,0.0,0.0,0,0.0,0,4.6,0.0,0,0
1955-04,0,0,0.0,0.0,421.532,1.75,2.75,0.0,2.55,0.0,0.0,0.0,0,0.0,0,4.7,0.0,0,0
1955-05,0,0,0.0,0.0,421.532,1.9,2.76,0.0,2.56,0.0,0.0,0.0,0,0.0,0,4.3,0.0,0,0
1955-06,0,0,0.0,0.0,421.532,1.91,2.78,0.0,2.59,0.0,0.0,0.0,0,0.0,0,4.2,0.0,0,0
1955-07,0,0,0.0,0.0,430.221,2.02,2.9,0.0,2.72,0.0,0.0,0.0,0,0.0,0,4.0,0.0,0,0
1955-08,0,0,0.0,0.0,430.221,2.37,2.97,0.0,2.86,0.0,0.0,0.0,0,0.0,0,4.2,0.0,0,0
1955-09,0,0,0.0,0.0,430.221,2.36,2.97,0.0,2.85,0.0,0.0,0.0,0,0.0,0,4.1,0.0,0,0
1955-10,0,0,0.0,0.0,437.092,2.39,2.88,0.0,2.76,0.0,0.0,0.0,0,0.0,0,4.3,0.0,0,0
1955-11,0,0,0.0,0.0,437.092,2.48,2.89,0.0,2.81,0.0,0.0,0.0,0,0.0,0,4.2,0.0,0,0
1955-12,0,0,0.0,0.0,437.092,2.73,2.96,0.0,2.93,0.0,0.0,0.0,0,0.0,0,4.2,0.0,0,0
1956-01,0,0,0.0,0.0,439.746,2.58,2.9,0.0,2.84,0.0,0.0,0.0,0,0.0,0,4.0,0.0,0,0
1956-02,0,0,0.0,0.0,439.746,2.49,2.84,0.0,2.74,0.0,0.0,0.0,0,0.0,0,3.9,0.0,0,0
1956-03,0,0,0.0,0.0,439.746,2.61,2.96,0.0,2.93,0.0,0.0,0.0,0,0.0,0,4.2,0.0,0,0
1956-04,0,0,0.0,0.0,446.01,2.92,3.18,0.0,3.2,0.0,0.0,0.0,0,0.0,0,4.0,0.0,0,0
1956-05,0,0,0.0,0.0,446.01,2.94,3.07,0.0,3.08,0.0,0.0,0.0,0,0.0,0,4.3,0.0,0,0
1956-06,0,0,0.0,0.0,446.01,2.74,3.0,0.0,2.97,0.0,0.0,0.0,0,0.0,0,4.3,0.0,0,0
1956-07,0,0,0.0,0.0,451.191,2.76,3.11,0.0,3.12,0.0,0.0,0.0,0,0.0,0,4.4,0.0,0,0
1956-08,0,0,0.0,0.0,451.191,3.1,3.33,0.0,3.41,0.0,0.0,0.0,0,0.0,0,4.1,0.0,0,0
1956-09,0,0,0.0,0.0,451.191,3.35,3.38,0.0,3.47,0.0,0.0,0.0,0,0.0,0,3.9,0.0,0,0
1956-10,0,0,0.0,0.0,460.463,3.28,3.34,0.0,3.4,0.0,0.0,0.0,0,0.0,0,3.9,0.0,0,0
1956-11,0,0,0.0,0.0,460.463,3.44,3.49,0.0,3.56,0.0,0.0,0.0,0,0.0,0,4.3,0.0,0,0
1956-12,0,0,0.0,0.0,460.463,3.68,3.59,0.0,3.7,0.0,0.0,0.0,0,0.0,0,4.2,0.0,0,0
1957-01,0,0,0.0,0.0,469.779,3.37,3.46,0.0,3.47,0.0,0.0,0.0,0,0.0,0,4.2,0.0,0,0
1957-02,0,0,0.0,0.0,469.779,3.38,3.34,0.0,3.39,0.0,0.0,0.0,0,0.0,0,3.9,0.0,0,0
1957-03,0,0,0.0,0.0,469.779,3.42,3.41,0.0,3.46,0.0,0.0,0.0,0,0.0,0,3.7,0.0,0,0
1957-04,0,0,0.0,0.0,472.025,3.49,3.48,0.0,3.53,0.0,0.0,0.0,0,0.0,0,3.9,0.0,0,0
1957-05,0,0,0.0,0.0,472.025,3.48,3.6,0.0,3.64,0.0,0.0,0.0,0,0.0,0,4.1,0.0,0,0
1957-06,0,0,0.0,0.0,472.025,3.65,3.8,0.0,3.83,0.0,0.0,0.0,0,0.0,0,4.3,0.0,0,0
1957-07,0,0,0.0,0.0,479.49,3.81,3.93,0.0,4.0,0.0,0.0,0.0,0,0.0,0,4.2,0.0,0,0
1957-08,0,0,0.0,0.0,479.49,4.01,3.93,0.0,4.0,0.0,0.0,0.0,0,0.0,0,4.1,0.0,0,0
1957-09,0,0,0.0,0.0,479.49,4.07,3.92,0.0,4.03,0.0,0.0,0.0,0,0.0,0,4.4,0.0,0,0
1957-10,0,0,0.0,0.0,474.864,4.01,3.97,0.0,4.08,0.0,0.0,0.0,0,0.0,0,4.5,0.0,0,0
1957-11,0,0,0.0,0.0,474.864,3.57,3.72,0.0,3.72,0.0,0.0,0.0,0,0.0,0,5.1,0.0,0,0
1957-12,0,0,0.0,0.0,474.864,3.18,3.21,0.0,3.08,0.0,0.0,0.0,0,0.0,0,5.2,0.0,0,0
1958-01,0,0,0.0,0.0,467.54,2.65,3.09,0.0,2.88,0.0,0.0,0.0,0,0.0,0,5.8,0.0,0,0
1958-02,0,0,0.0,0.0,467.54,1.99,3.05,0.0,2.78,0.0,0.0,0.0,0,0.0,0,6.4,0.0,0,0
1958-03,0,0,0.0,0.0,467.54,1.84,2.98,0.0,2.64,0.0,0.0,0.0,0,0.0,0,6.7,0.0,0,0
1958-04,0,0,0.0,0.0,471.978,1.45,2.88,0.0,2.46,0.0,0.0,0.0,0,0.0,0,7.4,0.0,0,0
1958-05,0,0,0.0,0.0,471.978,1.37,2.92,0.0,2.41,0.0,0.0,0.0,0,0.0,0,7.4,0.0,0,0
1958-06,0,0,0.0,0.0,471.978,1.23,2.97,0.0,2.46,0.0,0.0,0.0,0,0.0,0,7.3,0.0,0,0
1958-07,0,0,0.0,0.0,485.841,1.61,3.2,0.0,2.77,0.0,0.0,0.0,0,0.0,0,7.5,0.0,0,0
1958-08,0,0,0.0,0.0,485.841,2.5,3.54,0.0,3.29,0.0,0.0,0.0,0,0.0,0,7.4,0.0,0,0
1958-09,0,0,0.0,0.0,485.841,3.05,3.76,0.0,3.69,0.0,0.0,0.0,0,0.0,0,7.1,0.0,0,0
1958-10,0,0,0.0,0.0,499.555,3.19,3.8,0.0,3.78,0.0,0.0,0.0,0,0.0,0,6.7,0.0,0,0
1958-11,0,0,0.0,0.0,499.555,3.1,3.74,0.0,3.7,0.0,0.0,0.0,0,0.0,0,6.2,0.0,0,0
1958-12,0,0,0.0,0.0,499.555,3.29,3.86,0.0,3.82,0.0,0.0,0.0,0,0.0,0,6.2,0.0,0,0
1959-01,0,0,0.0,0.0,510.33,3.36,4.02,0.0,4.01,16.042,16.688,0.0,0,0.0,0,6.0,0.0,0,0
1959-02,0,0,0.0,0.0,510.33,3.54,3.96,0.0,3.96,16.057,16.701,0.0,0,0.0,0,5.9,0.0,0,0
1959-03,0,0,0.0,0.0,510.33,3.61,3.99,0.0,3.99,16.068,16.719,0.0,0,0.0,0,5.6,0.0,0,0
1959-04,0,0,0.0,0.0,522.653,3.72,4.12,0.0,4.12,16.1,16.762,0.0,0,0.0,0,5.2,0.0,0,0
1959-05,0,0,0.0,0.0,522.653,3.96,4.31,0.0,4.35,16.109,16.783,0.0,0,0.0,0,5.1,0.0,0,0
1959-06,0,0,0.0,0.0,522.653,4.07,4.34,0.0,4.5,16.155,16.832,0.0,0,0.0,0,5.0,0.0,0,0
1959-07,0,0,0.0,0.0,525.034,4.39,4.4,0.0,4.58,16.189,16.871,0.0,0,0.0,0,5.1,0.0,0,0
1959-08,0,0,0.0,0.0,525.034,4.42,4.43,0.0,4.57,16.212,16.899,0.0,0,0.0,0,5.2,0.0,0,0
1959-09,0,0,0.0,0.0,525.034,5.0,4.68,0.0,4.9,16.255,16.943,0.0,0,0.0,0,5.5,0.0,0,0
1959-10,0,0,0.0,0.0,528.6,4.8,4.53,0.0,4.72,16.294,16.972,0.0,0,0.0,0,5.7,0.0,0,0
1959-11,0,0,0.0,0.0,528.6,4.81,4.53,0.0,4.75,16.304,17.003,0.0,0,0.0,0,5.8,0.0,0,0
1959-12,0,0,0.0,0.0,528.6,5.14,4.69,0.0,5.01,16.323,17.029,0.0,0,0.0,0,5.3,0.0,0,0
1960-01,0,0,0.0,0.0,542.648,5.03,4.72,0.0,4.92,16.314,17.033,0.0,0,0.0,0,5.2,0.0,0,0
1960-02,0,0,0.0,0.0,542.648,4.66,4.49,0.0,4.69,16.331,17.065,0.0,0,0.0,0,4.8,0.0,0,0
1960-03,0,0,0.0,0.0,542.648,4.02,4.25,0.0,4.31,16.34,17.067,0.0,0,0.0,0,5.4,0.0,0,0
1960-04,0,0,0.0,0.0,541.08,4.04,4.28,0.0,4.29,16.4,17.098,0.0,0,0.0,0,5.2,0.0,0,0
1960-05,0,0,0.0,0.0,541.08,4.21,4.35,0.0,4.49,16.417,17.125,0.0,0,0.0,0,5.1,0.0,0,0
1960-06,0,0,0.0,0.0,541.08,3.36,4.15,0.0,4.12,16.424,17.136,0.0,0,0.0,0,5.4,0.0,0,0
1960-07,0,0,0.0,0.0,545.604,3.2,3.9,0.0,3.79,16.453,17.166,0.0,0,0.0,0,5.5,0.0,0,0
1960-08,0,0,0.0,0.0,545.604,2.95,3.8,0.0,3.62,16.481,17.191,0.0,0,0.0,0,5.6,0.0,0,0
1960-09,0,0,0.0,0.0,545.604,3.07,3.8,0.0,3.61,16.491,17.204,0.0,0,0.0,0,5.5,0.0,0,0
1960-10,0,0,0.0,0.0,540.197,3.04,3.89,0.0,3.76,16.51,17.214,0.0,0,0.0,0,6.1,0.0,0,0
1960-11,0,0,0.0,0.0,540.197,3.08,3.93,0.0,3.81,16.565,17.26,0.0,0,0.0,0,6.1,0.0,0,0
1960-12,0,0,0.0,0.0,540.197,2.86,3.84,0.0,3.67,16.569,17.255,0.0,0,0.0,0,6.6,0.0,0,0
1961-01,0,0,0.0,0.0,545.018,2.81,3.84,0.0,3.67,16.571,17.259,0.0,0,0.0,0,6.6,0.0,0,0
1961-02,0,0,0.0,0.0,545.018,2.93,3.78,0.0,3.66,16.587,17.276,0.0,0,0.0,0,6.9,0.0,0,0
1961-03,0,0,0.0,0.0,545.018,2.88,3.74,0.0,3.6,16.578,17.282,0.0,0,0.0,0,6.9,0.0,0,0
1961-04,0,0,0.0,0.0,555.545,2.88,3.78,0.0,3.57,16.568,17.306,0.0,0,0.0,0,7.0,0.0,0,0
1961-05,0,0,0.0,0.0,555.545,2.87,3.71,0.0,3.47,16.577,17.328,0.0,0,0.0,0,7.1,0.0,0,0
1961-06,0,0,0.0,0.0,555.545,3.06,3.88,0.0,3.81,16.585,17.354,0.0,0,0.0,0,6.9,0.0,0,0
1961-07,0,0,0.0,0.0,567.664,2.92,3.92,0.0,3.84,16.621,17.381,0.0,0,0.0,0,7.0,0.0,0,0
1961-08,0,0,0.0,0.0,567.664,3.06,4.04,0.0,3.96,16.635,17.399,0.0,0,0.0,0,6.6,0.0,0,0
1961-09,0,0,0.0,0.0,567.664,3.06,3.98,0.0,3.9,16.654,17.434,0.0,0,0.0,0,6.7,0.0,0,0
1961-10,0,0,0.0,0.0,580.612,3.05,3.92,0.0,3.8,16.652,17.44,0.0,0,0.0,0,6.5,0.0,0,0
1961-11,0,0,0.0,0.0,580.612,3.07,3.94,0.0,3.82,16.653,17.443,0.0,0,0.0,0,6.1,0.0,0,0
1961-12,0,0,0.0,0.0,580.612,3.18,4.06,0.0,3.91,16.658,17.458,0.0,0,0.0,0,6.0,0.0,0,0
1962-01,0,0,0.0,0.0,594.013,3.28,4.08,0.0,3.94,16.689,17.478,0.0,0,0.0,0,5.8,0.0,0,0
1962-02,0,0,0.0,0.0,594.013,3.28,4.04,0.0,3.89,16.734,17.507,0.0,0,0.0,0,5.5,0.0,0,0
1962-03,0,0,0.0,0.0,594.013,3.06,3.93,0.0,3.68,16.756,17.548,0.0,0,0.0,0,5.6,0.0,0,0
1962-04,0,0,0.0,0.0,600.366,2.99,3.84,0.0,3.6,16.775,17.551,0.0,0,0.0,0,5.6,0.0,0,0
1962-05,0,0,0.0,0.0,600.366,3.03,3.87,0.0,3.66,16.786,17.576,0.0,0,0.0,0,5.5,0.0,0,0
1962-06,0,0,0.0,0.0,600.366,3.03,3.91,0.0,3.64,16.796,17.608,0.0,0,0.0,0,5.5,0.0,0,0
1962-07,0,0,0.0,0.0,609.027,3.29,4.01,0.0,3.8,16.787,17.623,0.0,0,0.0,0,5.4,0.0,0,0
1962-08,0,0,0.0,0.0,609.027,3.2,3.98,0.0,3.71,16.811,17.626,0.0,0,0.0,0,5.7,0.0,0,0
1962-09,0,0,0.0,0.0,609.027,3.06,3.98,0.0,3.7,16.894,17.66,0.0,0,0.0,0,5.6,0.0,0,0
1962-10,0,0,0.0,0.0,612.28,2.98,3.93,0.0,3.64,16.876,17.659,0.0,0,0.0,0,5.4,0.0,0,0
1962-11,0,0,0.0,0.0,612.28,3.0,3.92,0.0,3.6,16.889,17.672,0.0,0,0.0,0,5.7,0.0,0,0
1962-12,0,0,0.0,0.0,612.28,3.01,3.86,0.0,3.56,16.882,17.677,0.0,0,0.0,0,5.5,0.0,0,0
1963-01,0,0,0.0,0.0,621.672,3.04,3.83,0.0,3.58,16.923,17.711,0.0,0,0.0,0,5.7,0.0,0,0
1963-02,0,0,0.0,0.0,621.672,3.01,3.92,0.0,3.66,16.941,17.731,0.0,0,0.0,0,5.9,0.0,0,0
1963-03,0,0,0.0,0.0,621.672,3.03,3.93,0.0,3.68,16.928,17.742,0.0,0,0.0,0,5.7,0.0,0,0
1963-04,0,0,0.0,0.0,629.752,3.11,3.97,0.0,3.74,16.927,17.763,0.0,0,0.0,0,5.7,0.0,0,0
1963-05,0,0,0.0,0.0,629.752,3.12,3.93,0.0,3.72,16.954,17.795,0.0,0,0.0,0,5.9,0.0,0,0
1963-06,0,0,0.0,0.0,629.752,3.2,3.99,0.0,3.81,16.991,17.826,0.0,0,0.0,0,5.6,0.0,0,0
1963-07,0,0,0.0,0.0,644.444,3.48,4.02,0.0,3.89,17.025,17.842,0.0,0,0.0,0,5.6,0.0,0,0
1963-08,0,0,0.0,0.0,644.444,3.53,4.0,0.0,3.89,17.048,17.858,0.0,0,0.0,0,5.4,0.0,0,0
1963-09,0,0,0.0,0.0,644.444,3.57,4.08,0.0,3.96,17.044,17.89,0.0,0,0.0,0,5.5,0.0,0,0
1963-10,0,0,0.0,0.0,653.938,3.64,4.11,0.0,3.97,17.078,17.93,0.0,0,0.0,0,5.5,0.0,0,0
1963-11,0,0,0.0,0.0,653.938,3.74,4.12,0.0,4.01,17.102,17.947,0.0,0,0.0,0,5.7,0.0,0,0
1963-12,0,0,0.0,0.0,653.938,3.81,4.13,0.0,4.04,17.127,17.972,0.0,0,0.0,0,5.5,0.0,0,0
1964-01,0,0,0.0,0.0,669.822,3.79,4.17,0.0,4.07,17.163,17.997,0.0,0,0.0,0,5.6,0.0,0,0
1964-02,0,0,0.0,0.0,669.822,3.78,4.15,0.0,4.03,17.188,18.031,0.0,0,0.0,0,5.4,0.0,0,0
1964-03,0,0,0.0,0.0,669.822,3.91,4.22,0.0,4.14,17.198,18.048,0.0,0,0.0,0,5.4,0.0,0,0
1964-04,0,0,0.0,0.0,678.674,3.91,4.23,0.0,4.15,17.211,18.065,0.0,0,0.0,0,5.3,0.0,0,0
1964-05,0,0,0.0,0.0,678.674,3.84,4.2,0.0,4.05,17.213,18.08,0.0,0,0.0,0,5.1,0.0,0,0
1964-06,0,0,0.0,0.0,678.674,3.83,4.17,0.0,4.02,17.237,18.093,0.0,0,0.0,0,5.2,0.0,0,0
1964-07,0,0,0.0,0.0,692.031,3.72,4.19,0.0,4.03,17.259,18.111,0.0,0,0.0,0,4.9,0.0,0,0
1964-08,0,0,0.0,0.0,692.031,3.74,4.19,0.0,4.05,17.273,18.135,0.0,0,0.0,0,5.0,0.0,0,0
1964-09,0,0,0.0,0.0,692.031,3.84,4.2,0.0,4.08,17.299,18.143,0.0,0,0.0,0,5.1,0.0,0,0
1964-10,0,0,0.0,0.0,697.319,3.86,4.19,0.0,4.07,17.31,18.149,0.0,0,0.0,0,5.1,0.0,0,0
1964-11,0,0,0.0,0.0,697.319,3.91,4.15,0.0,4.04,17.334,18.176,0.0,0,0.0,0,4.8,0.0,0,0
1964-12,0,0,0.0,0.0,697.319,4.02,4.18,0.0,4.09,17.359,18.201,0.0,0,0.0,0,5.0,0.0,0,0
1965-01,0,0,0.0,0.0,717.79,3.94,4.19,0.0,4.1,17.378,18.226,0.0,0,0.0,0,4.9,0.0,0,0
1965-02,0,0,0.0,0.0,717.79,4.03,4.21,0.0,4.15,17.385,18.248,0.0,0,0.0,0,5.1,0.0,0,0
1965-03,0,0,0.0,0.0,717.79,4.06,4.21,0.0,4.15,17.408,18.258,0.0,0,0.0,0,4.7,0.0,0,0
1965-04,0,0,0.0,0.0,730.191,4.04,4.2,0.0,4.15,17.435,18.28,0.0,0,0.0,0,4.8,0.0,0,0
1965-05,0,0,0.0,0.0,730.191,4.03,4.21,0.0,4.15,17.474,18.314,0.0,0,0.0,0,4.6,0.0,0,0
1965-06,0,0,0.0,0.0,730.191,3.99,4.21,0.0,4.15,17.525,18.309,0.0,0,0.0,0,4.6,0.0,0,0
1965-07,0,0,0.0,0.0,749.323,3.98,4.2,0.0,4.15,17.538,18.327,0.0,0,0.0,0,4.4,0.0,0,0
1965-08,0,0,0.0,0.0,749.323,4.07,4.25,0.0,4.2,17.542,18.362,0.0,0,0.0,0,4.4,0.0,0,0
1965-09,0,0,0.0,0.0,749.323,4.2,4.29,0.0,4.25,17.55,18.384,0.0,0,0.0,0,4.3,0.0,0,0
1965-10,0,0,0.0,0.0,771.857,4.3,4.35,0.0,4.34,17.556,18.377,0.0,0,0.0,0,4.2,0.0,0,0
1965-11,0,0,0.0,0.0,771.857,4.37,4.45,0.0,4.46,17.585,18.411,0.0,0,0.0,0,4.1,0.0,0,0
1965-12,0,0,0.0,0.0,771.857,4.72,4.62,0.0,4.72,17.649,18.467,0.0,0,0.0,0,4.0,0.0,0,0
1966-01,0,0,0.0,0.0,795.734,4.88,4.61,0.0,4.86,17.67,18.473,0.0,0,0.0,0,4.0,0.0,0,0
1966-02,0,0,0.0,0.0,795.734,4.94,4.83,0.0,4.98,17.743,18.518,0.0,0,0.0,0,3.8,0.0,0,0
1966-03,0,0,0.0,0.0,795.734,4.97,4.87,0.0,4.92,17.786,18.542,0.0,0,0.0,0,3.8,0.0,0,0
1966-04,0,0,0.0,0.0,804.981,4.9,4.75,0.0,4.83,17.848,18.608,0.0,0,0.0,0,3.8,0.0,0,0
1966-05,0,0,0.0,0.0,804.981,4.93,4.78,0.0,4.89,17.87,18.657,0.0,0,0.0,0,3.9,0.0,0,0
1966-06,0,0,0.0,0.0,804.981,4.97,4.81,0.0,4.97,17.915,18.718,0.0,0,0.0,0,3.8,0.0,0,0
1966-07,0,0,0.0,0.0,819.638,5.17,5.02,0.0,5.17,17.949,18.773,0.0,0,0.0,0,3.8,0.0,0,0
1966-08,0,0,0.0,0.0,819.638,5.54,5.22,0.0,5.5,18.018,18.807,0.0,0,0.0,0,3.8,0.0,0,0
1966-09,0,0,0.0,0.0,819.638,5.82,5.18,0.0,5.5,18.075,18.865,0.0,0,0.0,0,3.7,0.0,0,0
1966-10,0,0,0.0,0.0,833.302,5.58,5.01,0.0,5.27,18.123,18.927,0.0,0,0.0,0,3.7,0.0,0,0
1966-11,0,0,0.0,0.0,833.302,5.54,5.16,0.0,5.36,18.15,18.975,0.0,0,0.0,0,3.6,0.0,0,0
1966-12,0,0,0.0,0.0,833.302,5.2,4.84,0.0,5.0,18.187,19.032,0.0,0,0.0,0,3.8,0.0,0,0
1967-01,0,0,0.0,0.0,844.17,4.75,4.58,0.0,4.7,18.188,19.05,0.0,0,0.0,0,3.9,0.0,0,0
1967-02,0,0,0.0,0.0,844.17,4.71,4.63,0.0,4.74,18.209,19.084,0.0,0,0.0,0,3.8,0.0,0,0
1967-03,0,0,0.0,0.0,844.17,4.35,4.54,0.0,4.54,18.22,19.113,0.0,0,0.0,0,3.8,0.0,0,0
1967-04,0,0,0.0,0.0,848.983,4.11,4.59,0.0,4.51,18.249,19.165,0.0,0,0.0,0,3.8,0.0,0,0
1967-05,0,0,0.0,0.0,848.983,4.15,4.85,0.0,4.75,18.285,19.208,0.0,0,0.0,0,3.8,0.0,0,0
1967-06,0,0,0.0,0.0,848.983,4.48,5.02,0.0,5.01,18.343,19.257,0.0,0,0.0,0,3.9,0.0,0,0
1967-07,0,0,0.0,0.0,865.233,5.01,5.16,0.0,5.23,18.405,19.322,0.0,0,0.0,0,3.8,0.0,0,0
1967-08,0,0,0.0,0.0,865.233,5.13,5.28,0.0,5.31,18.463,19.382,0.0,0,0.0,0,3.8,0.0,0,0
1967-09,0,0,0.0,0.0,865.233,5.24,5.3,0.0,5.4,18.519,19.45,0.0,0,0.0,0,3.8,0.0,0,0
1967-10,0,0,0.0,0.0,881.439,5.37,5.48,0.0,5.57,18.57,19.523,0.0,0,0.0,0,4.0,0.0,0,0
1967-11,0,0,0.0,0.0,881.439,5.61,5.75,0.0,5.78,18.632,19.585,0.0,0,0.0,0,3.9,0.0,0,0
1967-12,0,0,3.383497007,0.0,881.439,5.71,5.7,0.0,5.75,18.661,19.633,0.0,0,0.0,0,3.8,0.0,0,0
1968-01,0,0,3.659987292,0.0,909.387,5.43,5.53,0.0,5.54,18.748,19.72,0.0,0,0.0,0,3.7,0.0,0,0
1968-02,0,0,3.682012499,0.0,909.387,5.41,5.56,0.0,5.59,18.824,19.805,0.0,0,0.0,0,3.8,0.0,0,0
1968-03,0,0,4.151667589,0.0,909.387,5.58,5.74,0.0,5.76,18.886,19.884,0.0,0,0.0,0,3.7,0.0,0,0
1968-04,0,0,4.165427174,0.0,934.344,5.71,5.64,0.0,5.69,18.945,19.957,0.0,0,0.0,0,3.5,0.0,0,0
1968-05,0,0,4.097704474,0.0,934.344,6.14,5.87,0.0,6.04,19.015,20.033,0.0,0,0.0,0,3.5,0.0,0,0
1968-06,0,0,4.557597098,0.0,934.344,5.98,5.72,0.0,5.85,19.075,20.111,0.0,0,0.0,0,3.7,0.0,0,0
1968-07,0,0,4.766361188,0.0,950.825,5.65,5.5,0.0,5.6,19.134,20.178,0.0,0,0.0,0,3.7,0.0,0,0
1968-08,0,0,4.960194431,0.0,950.825,5.43,5.42,0.0,5.5,19.212,20.257,0.0,0,0.0,0,3.5,0.0,0,0
1968-09,0,0,4.961849181,0.0,950.825,5.45,5.46,0.0,5.48,19.279,20.339,0.0,0,0.0,0,3.4,0.0,0,0
1968-10,0,0,5.198351909,0.0,968.03,5.57,5.58,0.0,5.55,19.364,20.422,0.0,0,0.0,0,3.4,0.0,0,0
1968-11,0,0,5.414944837,0.0,968.03,5.75,5.7,0.0,5.66,19.43,20.498,0.0,0,0.0,0,3.4,0.0,0,0
1968-12,0,0,5.72486893,0.0,968.03,6.19,6.03,0.0,6.12,19.47,20.56,0.0,0,0.0,0,3.4,0.0,0,0
1969-01,0,0,5.765763045,0.0,993.337,6.34,6.04,0.0,6.25,19.546,20.638,0.0,0,0.0,0,3.4,0.0,0,0
1969-02,0,0,5.769158001,0.0,993.337,6.41,6.19,0.0,6.34,19.595,20.709,0.0,0,0.0,0,3.4,0.0,0,0
1969-03,0,0,6.143376532,0.0,993.337,6.34,6.3,0.0,6.41,19.687,20.805,0.0,0,0.0,0,3.4,0.0,0,0
1969-04,0,0,6.524447618,0.0,1009.02,6.26,6.17,0.0,6.3,19.774,20.886,0.0,0,0.0,0,3.4,0.0,0,0
1969-05,0,0,6.799346963,0.0,1009.02,6.42,6.32,0.0,6.54,19.854,20.969,0.0,0,0.0,0,3.4,0.0,0,0
1969-06,0,0,6.392103407,0.0,1009.02,7.04,6.57,0.0,6.75,19.95,21.041,0.0,0,0.0,0,3.5,0.0,0,0
1969-07,0,0,6.404961413,0.0,1029.956,7.6,6.72,0.0,7.01,20.037,21.139,0.0,0,0.0,0,3.5,0.0,0,0
1969-08,0,0,6.430385766,0.0,1029.956,7.54,6.69,0.0,7.03,20.093,21.199,0.0,0,0.0,0,3.5,0.0,0,0
1969-09,0,0,6.850795793,0.0,1029.956,7.82,7.16,0.0,7.57,20.176,21.284,0.0,0,0.0,0,3.7,0.0,0,0
1969-10,0,0,6.574721234,0.0,1038.147,7.64,7.1,0.0,7.51,20.245,21.375,0.0,0,0.0,0,3.7,0.0,0,0
1969-11,0,0,6.451706907,0.0,1038.147,7.89,7.14,0.0,7.53,20.332,21.457,0.0,0,0.0,0,3.5,0.0,0,0
1969-12,0,0,6.425116862,0.0,1038.147,8.17,7.65,0.0,7.96,20.426,21.537,0.0,0,0.0,0,3.5,0.0,0,0
1970-01,0,0,6.628279061,0.0,1051.2,8.1,7.79,0.0,8.17,20.499,21.608,0.0,0,0.0,0,3.9,0.0,0,0
1970-02,0,0,7.09144749,0.0,1051.2,7.59,7.24,0.0,7.82,20.58,21.691,0.0,0,0.0,0,4.2,0.0,0,0
1970-03,0,0,7.030543696,0.0,1051.2,6.97,7.07,0.0,7.21,20.631,21.772,0.0,0,0.0,0,4.4,0.0,0,0
1970-04,0,0,6.855423125,0.0,1067.375,7.06,7.39,0.0,7.5,20.736,21.857,0.0,0,0.0,0,4.6,0.0,0,0
1970-05,0,0,6.98585698,0.0,1067.375,7.75,7.91,0.0,7.97,20.802,21.934,0.0,0,0.0,0,4.8,0.0,0,0
1970-06,0,0,7.191308106,0.0,1067.375,7.55,7.84,0.0,7.85,20.856,22.014,0.0,0,0.0,0,4.9,0.0,0,0
1970-07,0,0,7.04714037,0.0,1086.059,7.1,7.46,0.0,7.59,20.932,22.098,0.0,0,0.0,0,5.0,0.0,0,0
1970-08,0,0,7.154475413,0.0,1086.059,6.98,7.53,0.0,7.57,20.987,22.174,0.0,0,0.0,0,5.1,0.0,0,0
1970-09,0,0,7.121184091,0.0,1086.059,6.73,7.39,0.0,7.29,21.081,22.267,0.0,0,0.0,0,5.4,0.0,0,0
1970-10,0,0,7.097174731,0.0,1088.608,6.43,7.33,0.0,7.12,21.185,22.376,0.0,0,0.0,0,5.5,0.0,0,0
1970-11,0,0,7.376794582,0.0,1088.608,5.51,6.84,0.0,6.47,21.269,22.492,0.0,0,0.0,0,5.9,0.0,0,0
1970-12,0,0,7.381000774,0.0,1088.608,5.0,6.39,0.0,5.95,21.363,22.605,0.0,0,0.0,0,6.1,0.0,0,0
1971-01,0,0,7.042661405,0.0,1135.156,4.57,6.24,0.0,5.89,21.408,22.694,0.0,0,0.0,0,5.9,0.0,1.00,0
1971-02,0,0,6.360389898,0.0,1135.156,3.89,6.11,0.0,5.56,21.471,22.78,0.0,0,0.0,0,5.9,0.0,1.05,0
1971-03,0,0,5.533559236,0.0,1135.156,3.69,5.7,0.0,5.0,21.542,22.853,0.0,0,0.0,0,6.0,0.0,1.07,0
1971-04,0,0,5.338291383,0.0,1156.271,4.3,5.83,0.0,5.65,21.626,22.939,0.0,0,0.0,0,5.9,0.0,1.12,0
1971-05,0,0,5.094236396,0.0,1156.271,5.04,6.39,0.0,6.28,21.717,23.039,0.0,0,0.0,0,5.9,0.0,1.16,0
1971-06,0,0,5.273268229,0.0,1156.271,5.64,6.52,0.0,6.53,21.813,23.129,0.0,0,0.0,0,5.9,0.0,1.12,0
1971-07,0,0,5.199542864,0.0,1177.675,6.04,6.73,0.0,6.85,21.879,23.218,0.0,0,0.0,0,6.0,0.0,1.13,0
1971-08,0,0,4.947926701,0.0,1177.675,5.8,6.58,0.0,6.55,21.942,23.251,0.0,0,0.0,0,6.1,0.0,1.09,0
1971-09,0,0,4.707522595,0.0,1177.675,5.41,6.14,0.0,6.14,21.975,23.289,0.0,0,0.0,0,6.0,0.0,1.13,0
1971-10,0,0,4.41123702,0.0,1190.297,4.91,5.93,0.0,5.93,22.009,23.326,0.0,0,0.0,0,5.8,0.0,1.12,0
1971-11,0,0,3.978662385,0.0,1190.297,4.67,5.81,0.0,5.78,22.054,23.379,0.0,0,0.0,0,6.0,0.0,1.08,0
1971-12,0,0,3.708040621,0.0,1190.297,4.6,5.93,0.0,5.69,22.141,23.452,0.0,0,0.0,0,6.0,0.0,1.08,0
1972-01,0,0,3.755946258,0.0,1230.609,4.28,5.95,0.0,5.59,22.232,23.552,0.0,0,0.0,0,5.8,0.0,1.18,0
1972-02,0,0,3.864643731,0.0,1230.609,4.27,6.08,0.0,5.69,22.319,23.615,0.0,0,0.0,0,5.7,0.0,1.21,0
1972-03,0,0,4.078580445,0.0,1230.609,4.67,6.07,0.0,5.87,22.351,23.662,0.0,0,0.0,0,5.8,0.0,1.25,0
1972-04,0,0,3.991015808,0.0,1266.369,4.96,6.19,0.0,6.17,22.386,23.717,0.0,0,0.0,0,5.7,0.0,1.26,0
1972-05,0,0,3.880713129,0.0,1266.369,4.64,6.13,0.0,5.85,22.434,23.772,0.0,0,0.0,0,5.7,0.0,1.27,0
1972-06,0,0,3.504240606,0.0,1266.369,4.93,6.11,0.0,5.91,22.469,23.819,0.0,0,0.0,0,5.7,0.0,1.30,0
1972-07,0,0,3.481835749,0.0,1290.566,4.96,6.11,0.0,5.97,22.549,23.888,0.0,0,0.0,0,5.6,0.0,1.27,0
1972-08,0,0,3.380601319,0.0,1290.566,4.98,6.21,0.0,6.02,22.615,23.938,0.0,0,0.0,0,5.6,0.0,1.27,0
1972-09,0,0,3.137835466,0.0,1290.566,5.52,6.55,0.0,6.25,22.716,24.018,0.0,0,0.0,0,5.5,0.0,1.31,0
1972-10,0,0,3.344140047,0.0,1328.904,5.52,6.48,0.0,6.18,22.741,24.032,0.0,0,0.0,0,5.6,0.0,1.30,0
1972-11,0,0,3.281095844,0.0,1328.904,5.27,6.28,0.0,6.12,22.809,24.095,0.0,0,0.0,0,5.3,0.0,1.31,0
1972-12,0,0,3.153985901,0.0,1328.904,5.52,6.36,0.0,6.16,22.882,24.168,0.0,0,0.0,0,5.2,0.0,1.37,0
1973-01,100.00,0,2.847928102,0.0,1377.49,5.89,6.46,0.0,6.34,22.951,24.183,0.0,0,0.0,0,4.9,0.0,1.39,0
1973-02,100.00,0,2.886258664,0.0,1377.49,6.19,6.64,0.0,6.6,23.072,24.259,0.0,0,0.0,0,5.0,0.0,1.35,0
1973-03,100.00,0,2.934248028,0.0,1377.49,6.85,6.71,0.0,6.8,23.235,24.357,0.0,0,0.0,0,4.9,0.0,1.29,0
1973-04,100.46,0,3.036614659,0.0,1413.887,6.85,6.67,0.0,6.67,23.408,24.498,0.0,0,0.0,0,5.0,0.0,1.28,0
1973-05,100.46,0,3.180735955,0.0,1413.887,6.89,6.85,0.0,6.8,23.523,24.593,0.0,0,0.0,0,4.9,0.0,1.22,0
1973-06,100.46,0,3.104206448,0.0,1413.887,7.31,6.9,0.0,6.69,23.658,24.699,0.0,0,0.0,0,4.9,0.0,1.19,0
1973-07,100.51,0,3.018552356,0.0,1433.838,8.39,7.13,0.0,7.33,23.744,24.805,0.0,0,0.0,0,4.8,0.0,1.18,0
1973-08,100.51,0,3.329072164,0.0,1433.838,8.82,7.4,0.0,7.63,24.017,24.921,0.0,0,0.0,0,4.8,0.0,1.25,0
1973-09,100.51,0,3.952644678,0.0,1433.838,8.31,7.09,0.0,7.05,24.113,25.046,0.0,0,0.0,0,4.8,0.0,1.21,0
1973-10,102.22,0,4.775638756,0.0,1476.289,7.4,6.79,0.0,6.77,24.249,25.143,0.0,0,0.0,0,4.6,0.0,1.27,0
1973-11,102.22,0,4.938670847,0.0,1476.289,7.57,6.73,0.0,6.92,24.448,25.264,0.0,0,0.0,0,4.8,0.0,1.28,0
1973-12,102.22,0,5.319843098,0.0,1476.289,7.27,6.74,0.0,6.8,24.649,25.404,0.0,0,0.0,0,4.9,0.0,1.12,0
1974-01,102.00,0,5.857506965,0.0,1491.209,7.42,6.99,0.0,6.95,24.885,25.529,0.0,0,0.0,0,5.1,0.0,1.13,0
1974-02,102.00,0,6.303969131,0.0,1491.209,6.88,6.96,0.0,6.82,25.175,25.692,0.0,0,0.0,0,5.2,0.0,1.14,0
1974-03,102.00,0,6.831393725,0.0,1491.209,7.76,7.21,0.0,7.31,25.467,25.892,0.0,0,0.0,0,5.1,0.0,1.14,0
1974-04,99.65,0,7.120384207,0.0,1530.056,8.62,7.51,0.0,7.92,25.647,26.086,0.0,0,0.0,0,5.1,0.0,1.11,0
1974-05,99.65,0,7.749650582,0.0,1530.056,8.78,7.58,0.0,8.18,25.9,26.337,0.0,0,0.0,0,5.1,0.0,1.06,0
1974-06,99.65,0,8.640321526,0.0,1530.056,8.67,7.54,0.0,8.1,26.119,26.607,0.0,0,0.0,0,5.4,0.0,1.01,0
1974-07,94.48,0,9.552860371,0.0,1560.026,8.8,7.81,0.0,8.38,26.312,26.843,0.0,0,0.0,0,5.5,0.0,0.99,0
1974-08,94.48,0,10.130319088,0.0,1560.026,9.36,8.04,0.0,8.63,26.587,27.101,0.0,0,0.0,0,5.5,0.0,0.92,0
1974-09,94.48,0,10.621603911,0.0,1560.026,8.87,8.04,0.0,8.37,26.863,27.345,0.0,0,0.0,0,5.9,0.0,0.84,0
1974-10,91.79,0,10.591306867,0.0,1599.679,8.05,7.9,0.0,7.97,27.056,27.559,0.0,0,0.0,0,6.0,0.0,0.74,0
1974-11,91.79,0,11.017162794,0.0,1599.679,7.66,7.68,0.0,7.68,27.259,27.76,0.0,0,0.0,0,6.6,0.0,0.87,0
1974-12,91.79,0,11.527439415,0.0,1599.679,7.31,7.43,0.0,7.31,27.474,27.956,0.0,0,0.0,0,7.2,0.0,0.83,0
1975-01,97.16,0,11.65667686,0.0,1616.116,6.83,7.5,0.0,7.41,27.645,28.119,0.0,0,0.0,0,8.1,0.0,0.81,0
1975-02,97.16,0,11.816414421,0.0,1616.116,5.98,7.39,0.0,7.11,27.795,28.318,0.0,0,0.0,0,8.1,0.0,0.93,0
1975-03,97.16,0,11.603717425,0.0,1616.116,6.11,7.73,0.0,7.3,27.889,28.466,0.0,0,0.0,0,8.6,0.0,0.99,0
1975-04,102.37,0,11.729239119,0.0,1651.853,6.9,8.23,0.0,7.99,27.984,28.604,0.0,0,0.0,0,8.8,0.0,1.01,0
1975-05,102.37,0,10.951529411,0.0,1651.853,6.39,8.06,0.0,7.72,28.095,28.725,0.0,0,0.0,0,9.0,0.0,1.06,0
1975-06,102.37,0,10.45505733,0.0,1651.853,6.29,7.86,0.0,7.51,28.271,28.866,0.0,0,0.0,0,8.8,0.0,1.12,0
1975-07,105.81,0,9.787927045,0.0,1709.82,7.11,8.06,0.0,7.92,28.514,29.044,0.0,0,0.0,0,8.6,0.0,1.18,0
1975-08,105.81,0,8.938380195,0.0,1709.82,7.7,8.4,0.0,8.33,28.637,29.144,0.0,0,0.0,0,8.4,0.0,1.11,0
1975-09,105.81,0,8.554354053,0.0,1709.82,7.75,8.43,0.0,8.37,28.779,29.302,0.0,0,0.0,0,8.4,0.0,1.08,0
1975-10,104.08,0,8.142102792,0.0,1761.831,6.95,8.14,0.0,7.97,28.946,29.448,0.0,0,0.0,0,8.4,0.0,1.04,0
1975-11,104.08,0,8.13591166,0.0,1761.831,6.49,8.05,0.0,7.8,29.132,29.643,0.0,0,0.0,0,8.3,0.0,1.10,0
1975-12,104.08,0,7.727553082,0.0,1761.831,6.6,8.0,0.0,7.76,29.293,29.823,0.0,0,0.0,0,8.2,0.0,1.13,0
1976-01,112.42,0,7.741363545,0.0,1820.487,5.81,7.74,0.0,7.46,29.405,29.976,0.0,0,0.0,0,7.9,0.0,1.12,0
1976-02,115.09,0,7.425762409,0.0,1820.487,5.91,7.79,0.0,7.45,29.442,30.095,0.0,0,0.0,0,7.7,0.0,1.26,0
1976-03,116.35,0,7.388426262,0.0,1820.487,6.21,7.73,0.0,7.49,29.486,30.195,0.0,0,0.0,0,7.6,0.0,1.27,0
1976-04,118.67,0,6.899629973,0.0,1852.332,5.92,7.56,0.0,7.25,29.553,30.312,0.0,0,0.0,0,7.7,0.0,1.30,0
1976-05,118.61,0,7.018298581,0.0,1852.332,6.4,7.9,0.0,7.59,29.695,30.456,0.0,0,0.0,0,7.4,0.0,1.29,0
1976-06,117.82,0,6.922850698,0.0,1852.332,6.52,7.86,0.0,7.61,29.824,30.579,0.0,0.68,0.8,0,7.6,0.0,1.28,0
1976-07,119.65,0,7.140992224,0.0,1886.558,6.2,7.83,0.0,7.49,29.975,30.748,0.0,0.86,0.98,0,7.8,0.0,1.33,0
1976-08,121.20,0,7.405380061,0.0,1886.558,6.0,7.77,0.0,7.31,30.14,30.925,0.0,1.12,1.14,0,7.8,0.0,1.33,0
1976-09,123.74,0,7.125381525,0.0,1886.558,5.84,7.59,0.0,7.13,30.31,31.106,0.0,1.14,1.17,0,7.6,0.0,1.32,0
1976-10,125.82,0,6.910786682,0.0,1934.273,5.5,7.41,0.0,6.75,30.469,31.258,0.0,1.25,1.43,0,7.7,0.0,1.36,0
1976-11,127.08,0,6.633941823,0.0,1934.273,5.29,7.29,0.0,6.52,30.607,31.401,0.0,1.35,1.48,0,7.8,0.0,1.33,0
1976-12,130.38,0,6.218614511,0.0,1934.273,4.89,6.87,0.0,6.1,30.778,31.571,0.0,1.57,1.49,0,7.8,0.0,1.34,0
1977-01,133.56,0,6.062302309,0.0,1988.648,5.29,7.21,0.0,6.58,30.957,31.763,0.0,1.47,1.31,0,7.5,0.0,1.42,0
1977-02,131.01,0,6.063399587,0.0,1988.648,5.47,7.39,7.75,6.83,31.199,31.958,0.0,1.21,1.3,0,7.6,0.0,1.37,0
1977-03,131.09,0,6.112229251,0.0,1988.648,5.5,7.46,7.8,6.93,31.356,32.094,0.0,1.33,1.37,0,7.4,0.0,1.35,0
1977-04,132.25,0,6.591159521,0.0,2055.909,5.44,7.37,7.73,6.79,31.538,32.253,0.0,1.41,1.41,0,7.2,0.0,1.34,0
1977-05,133.77,0,6.751544987,0.0,2055.909,5.84,7.46,7.8,6.94,31.698,32.417,0.0,1.31,1.21,0,7.0,0.0,1.35,0
1977-06,135.01,0,6.930956833,0.0,2055.909,5.8,7.28,7.64,6.76,31.875,32.611,0.0,1.14,1.15,0,7.2,0.0,1.33,0
1977-07,136.96,0,6.892219332,0.0,2118.473,5.94,7.33,7.64,6.84,32.041,32.813,0.0,1.22,1.06,0,6.9,0.0,1.40,0
1977-08,137.42,0,6.843199666,0.0,2118.473,6.37,7.4,7.68,7.03,32.19,32.973,0.0,0.94,0.79,0,7.0,0.0,1.38,0
1977-09,139.21,0,6.883555545,0.0,2118.473,6.53,7.34,7.64,7.04,32.311,33.113,0.0,0.73,0.63,0,6.8,0.0,1.36,0
1977-10,139.07,0,6.96244877,0.0,2164.27,6.97,7.52,7.77,7.32,32.461,33.273,0.0,0.59,0.41,0,6.8,0.0,1.36,0
1977-11,138.52,0,7.010588577,0.0,2164.27,6.95,7.58,7.85,7.34,32.648,33.445,0.0,0.40,0.44,0,6.8,0.0,1.31,0
1977-12,139.55,0,7.387469073,0.0,2164.27,6.96,7.69,7.94,7.48,32.806,33.618,0.0,0.45,0.51,0,6.4,0.0,1.37,0
1978-01,138.64,0,7.395951567,0.0,2202.76,7.28,7.96,8.18,7.77,33.0,33.819,0.0,0.56,0.47,0,6.4,0.0,1.38,0
1978-02,138.05,0,7.365140892,0.0,2202.76,7.34,8.03,8.25,7.83,33.153,33.949,0.0,0.49,0.46,0,6.3,0.0,1.31,0
1978-03,138.39,0,7.457868288,0.0,2202.76,7.31,8.04,8.23,7.86,33.368,34.133,0.0,0.46,0.46,0,6.3,0.0,1.29,0
1978-04,139.11,0,7.437211324,0.0,2331.633,7.45,8.15,8.34,7.98,33.621,34.354,0.0,0.45,0.41,0,6.1,0.0,1.34,0
1978-05,139.09,0,7.667650906,0.0,2331.633,7.82,8.35,8.43,8.18,33.861,34.556,0.0,0.33,0.34,0,6.0,0.0,1.45,0
1978-06,138.07,0,7.705467144,0.0,2331.633,8.09,8.46,8.5,8.36,34.082,34.749,0.0,0.29,0.22,0,5.9,0.0,1.48,0
1978-07,138.40,0,7.939210957,0.0,2395.053,8.39,8.64,8.65,8.54,34.269,34.953,0.0,0.14,0.15,0,6.2,0.0,1.47,1000.00
1978-08,139.99,0,8.204046896,0.0,2395.053,8.31,8.41,8.47,8.33,34.442,35.141,0.0,0.09,0.04,0,5.9,0.0,1.55,1059.55
1978-09,142.71,0,8.605577994,0.0,2395.053,8.64,8.42,8.47,8.43,34.638,35.343,0.0,-0.12,-0.15,0,6.0,0.0,1.62,1139.50
1978-10,142.42,0,9.062421667,0.0,2476.949,9.14,8.64,8.67,8.61,34.913,35.603,0.0,-0.14,-0.21,0,5.8,0.0,1.61,1126.02
1978-11,139.83,0,9.237557806,0.0,2476.949,10.01,8.81,8.75,8.84,35.112,35.794,0.0,-0.78,-0.61,0,5.9,0.0,1.44,913.87
1978-12,141.41,0,9.071115875,0.0,2476.949,10.3,9.01,8.88,9.08,35.276,35.934,0.0,-0.70,-0.71,0,6.0,0.0,1.48,965.79
1979-01,139.11,0,9.083750922,0.0,2526.61,10.41,9.1,8.94,9.2,35.542,36.118,0.0,-0.83,-0.76,0,5.9,0.0,1.51,988.35
1979-02,142.17,0,9.586034706,0.0,2526.61,10.24,9.1,9.0,9.13,35.732,36.235,0.0,-0.67,-0.62,0,5.9,0.0,1.58,1067.26
1979-03,140.97,0,9.689852424,0.0,2526.61,10.25,9.12,9.03,9.2,36.011,36.444,0.0,-0.70,-0.67,0,5.8,0.0,1.55,1041.79
1979-04,142.24,0,9.934098639,0.0,2591.247,10.12,9.18,9.08,9.25,36.386,36.78,0.0,-0.61,-0.6,0,5.8,0.0,1.65,1145.34
1979-05,141.78,0,10.09794116,0.0,2591.247,10.12,9.25,9.19,9.24,36.763,37.1,0.0,-0.55,-0.53,0,5.6,0.0,1.67,1170.66
1979-06,144.41,0,10.284819787,0.0,2591.247,9.57,8.91,8.92,8.85,37.066,37.308,0.0,-0.51,-0.31,0,5.7,0.0,1.64,1156.00
1979-07,147.58,0,10.521237318,0.0,2667.565,9.64,8.95,8.93,8.9,37.349,37.495,0.0,-0.16,-0.19,0,5.7,0.0,1.73,1229.05
1979-08,147.81,0,10.954395743,0.0,2667.565,9.98,9.03,8.98,9.06,37.635,37.744,0.0,-0.24,-0.43,0,6.0,0.0,1.75,1266.07
1979-09,148.04,0,11.002540622,0.0,2667.565,10.84,9.33,9.17,9.41,37.967,38.002,0.0,-0.60,-0.73,0,5.9,0.0,1.86,1363.95
1979-10,145.10,0,11.279514365,0.0,2723.883,12.44,10.3,9.85,10.63,38.276,38.279,0.0,-0.63,-1.19,0,6.0,0.0,1.87,1357.72
1979-11,134.96,0,11.951758189,0.0,2723.883,12.39,10.65,10.3,10.93,38.542,38.524,0.0,-1.29,-1.16,0,5.9,0.0,1.74,1219.89
1979-12,137.09,0,12.761858458,0.0,2723.883,11.98,10.39,10.12,10.42,38.866,38.801,0.0,-0.95,-1.0,0,6.0,0.0,1.85,1320.99
1980-01,136.04,0,13.499249243,0.0,2789.842,12.06,10.8,10.6,10.74,39.273,39.095,0.0,-0.90,-0.7,0,6.3,0.0,1.90,1395.69
1980-02,131.15,0,13.627778119,0.0,2789.842,13.92,12.41,12.13,12.6,39.699,39.485,0.0,-0.75,-1.01,0,6.3,0.0,2.05,1498.97
1980-03,121.51,0,14.361385885,0.0,2789.842,15.82,12.75,12.34,13.47,40.186,39.851,0.0,-2.01,-2.13,0,6.3,0.0,2.04,1464.73
1980-04,121.37,0,14.786779517,0.0,2797.352,13.3,11.47,11.4,11.84,40.396,40.056,0.0,-1.90,-1.03,0,6.9,0.0,1.80,1205.49
1980-05,135.90,0,15.147255922,0.0,2797.352,9.39,10.18,10.36,9.95,40.71,40.378,0.0,-0.13,0.73,0,7.5,0.0,1.86,1289.26
1980-06,143.17,0,15.810582065,0.0,2797.352,8.16,9.78,9.81,9.21,40.967,40.646,0.0,1.00,1.05,0,7.6,0.0,1.99,1394.91
1980-07,147.13,0,14.178529783,0.0,2856.483,8.65,10.25,10.24,9.53,41.285,40.932,0.0,1.12,1.22,0,7.8,0.0,2.07,1462.69
1980-08,143.45,0,13.314194421,0.0,2856.483,10.24,11.1,11.0,10.84,41.629,41.228,0.0,0.98,0.57,0,7.7,0.0,2.20,1611.80
1980-09,136.73,0,13.136608244,0.0,2856.483,11.52,11.51,11.34,11.62,42.014,41.616,0.0,0.19,-0.06,0,7.5,0.0,2.26,1694.08
1980-10,134.26,0,13.133051948,0.0,2985.557,12.49,11.75,11.59,11.86,42.351,41.959,0.0,-0.24,-0.34,0,7.5,0.0,2.36,1747.19
1980-11,133.28,0,12.91869716,0.0,2985.557,14.15,12.68,12.37,12.83,42.696,42.289,0.0,-0.62,-0.83,0,7.5,0.0,2.38,1797.30
1980-12,133.94,0,12.732242952,0.0,2985.557,14.88,12.84,12.4,13.25,42.973,42.544,0.0,-1.33,-1.24,0,7.2,0.0,2.59,1920.81
1981-01,136.77,0,12.062863603,0.0,3124.206,14.08,12.57,12.14,12.77,43.386,42.912,0.0,-0.63,-0.69,0,7.5,0.0,2.54,1867.26
1981-02,135.46,0,11.274926046,0.0,3124.206,14.57,13.19,12.8,13.41,43.825,43.226,0.0,-0.58,-0.73,0,7.4,0.0,2.43,1844.01
1981-03,132.53,0,10.363727852,0.0,3124.206,13.71,13.12,12.69,13.41,44.13,43.466,0.0,-0.65,-0.45,0,7.4,0.0,2.46,1870.95
1981-04,135.63,0,9.752589153,0.0,3162.532,14.32,13.68,13.2,13.99,44.323,43.744,0.0,-0.05,-0.47,0,7.2,0.0,2.59,2013.56
1981-05,129.01,0,9.645887355,0.0,3162.532,16.2,14.1,13.6,14.63,44.522,44.045,0.0,-0.67,-1.36,0,7.5,0.0,2.55,2067.94
1981-06,134.44,0,9.250210999,0.0,3162.532,14.86,13.47,12.96,13.95,44.699,44.265,0.0,-1.01,-1.04,0,7.5,0.0,2.60,2128.60
1981-07,134.98,0,11.274384726,0.0,3260.609,15.72,14.28,13.59,14.79,44.969,44.532,0.0,-0.90,-1.07,0,7.2,0.0,2.55,2091.09
1981-08,131.59,0,11.853018154,0.0,3260.609,16.72,14.94,14.17,15.56,45.25,44.83,0.0,-1.17,-1.34,0,7.4,0.0,2.56,2043.58
1981-09,127.73,0,12.262533118,0.0,3260.609,16.52,15.32,14.67,15.93,45.524,45.124,0.0,-1.37,-1.14,0,7.6,0.0,2.43,1902.57
1981-10,125.77,0,11.298313544,0.0,3280.818,15.38,15.15,14.68,15.41,45.73,45.393,0.0,-0.82,-0.39,0,7.9,0.0,2.28,1761.27
1981-11,132.12,0,10.554645194,0.0,3280.818,12.41,13.39,13.35,13.38,45.976,45.658,0.0,0.04,0.51,0,8.3,0.0,2.40,1894.33
1981-12,147.00,0,9.884984782,0.0,3280.818,12.85,13.72,13.45,13.6,46.118,45.826,0.0,0.66,0.43,0,8.5,0.0,2.51,1957.38
1982-01,139.91,0,9.499196473,0.0,3274.302,14.32,14.59,14.22,14.65,46.392,46.108,0.0,0.35,0.02,0,8.6,0.0,2.44,1921.09
1982-02,139.79,0,9.56769049,0.0,3274.302,14.73,14.43,14.22,14.54,46.531,46.286,0.0,-0.46,-0.39,0,8.9,0.0,2.32,1851.62
1982-03,142.38,0,8.920648287,0.0,3274.302,13.95,13.86,13.53,13.98,46.651,46.488,0.0,-0.40,-0.33,0,9.0,0.0,2.25,1770.43
1982-04,144.45,0,9.112202163,0.0,3331.972,13.98,13.87,13.37,14.0,46.675,46.672,0.0,-0.32,-0.33,0,9.3,0.0,2.25,1754.49
1982-05,149.12,0,9.08479885,0.0,3331.972,13.34,13.62,13.24,13.75,46.951,46.927,0.0,-0.12,-0.16,0,9.4,0.0,2.31,1851.80
1982-06,151.82,0,8.909836827,0.0,3331.972,14.07,14.3,13.92,14.43,47.292,47.162,0.0,0.01,-0.17,0,9.6,0.0,2.24,1801.06
1982-07,147.57,0,7.912560428,0.0,3366.322,13.24,13.95,13.55,14.07,47.572,47.468,0.0,-0.20,0.15,0,9.8,0.0,2.18,1752.43
1982-08,154.52,0,7.351467333,0.0,3366.322,11.43,13.06,12.77,13.0,47.72,47.686,0.0,0.51,0.74,0,9.8,0.0,2.15,1733.98
1982-09,164.04,0,6.003409335,0.0,3366.322,10.85,12.34,12.07,12.25,47.852,47.863,0.0,0.76,0.56,0,10.1,0.0,2.38,1891.72
1982-10,172.67,0,6.000904404,0.0,3402.561,9.32,10.91,11.17,10.8,48.121,48.166,0.0,0.38,0.72,0,10.4,0.0,2.47,1965.53
1982-11,183.36,0,5.327823771,0.0,3402.561,9.16,10.55,10.54,10.38,48.265,48.344,0.0,0.88,0.75,0,10.8,0.0,2.76,2241.77
1982-12,187.25,0,4.518985485,0.0,3402.561,8.91,10.54,10.54,10.22,48.338,48.498,0.0,0.78,0.88,0,10.8,0.0,2.87,2432.94
1983-01,189.62,0,4.695598354,0.0,3473.413,8.62,10.46,10.63,10.03,48.564,48.83,0.0,0.88,1.13,0,10.4,0.0,2.90,2452.72
1983-02,190.57,0,4.62783567,0.0,3473.413,8.92,10.72,10.88,10.26,48.646,49.011,0.0,1.18,1.08,0,10.4,0.0,2.98,2606.61
1983-03,196.58,0,4.855813143,0.0,3473.413,9.04,10.51,10.63,10.08,48.709,49.073,0.0,0.96,0.85,0,10.3,0.0,3.16,2747.10
1983-04,199.28,0,4.456933531,0.0,3578.848,8.98,10.4,10.48,10.02,48.931,49.222,0.0,0.75,0.83,0,10.2,0.0,3.23,2861.47
1983-05,207.70,0,3.549623729,0.0,3578.848,8.9,10.38,10.53,10.03,49.07,49.293,0.0,0.92,0.89,0,10.1,0.0,3.47,3084.20
1983-06,203.46,0,2.843739681,0.0,3578.848,9.66,10.85,10.93,10.63,49.253,49.523,0.0,0.80,0.67,0,10.1,0.0,3.52,3252.29
1983-07,203.32,0,2.630755198,0.0,3689.179,10.2,11.38,11.4,11.21,49.53,49.856,0.0,0.76,0.69,0,9.4,0.0,3.67,3394.09
1983-08,196.55,0,2.553400975,0.0,3689.179,10.53,11.85,11.82,11.63,49.743,50.113,0.0,0.71,0.78,0,9.5,0.0,3.52,3309.65
1983-09,198.49,0,2.944004571,0.0,3689.179,10.16,11.65,11.63,11.43,49.916,50.316,0.0,0.81,0.86,0,9.2,0.0,3.56,3211.48
1983-10,204.84,0,3.09331236,0.0,3794.706,9.81,11.54,11.58,11.28,50.002,50.405,0.0,0.91,0.97,0,8.8,0.0,3.62,3287.21
1983-11,205.14,0,3.751793567,0.0,3794.706,9.94,11.69,11.75,11.41,50.072,50.523,0.0,1.05,1.03,0,8.5,0.0,3.52,3097.57
1983-12,207.45,0,4.465480085,0.0,3794.706,10.11,11.83,11.88,11.54,50.1,50.56,0.0,0.97,0.99,0,8.3,0.0,3.62,3242.97
1984-01,207.30,0,4.485762548,0.0,3908.054,9.9,11.67,11.75,11.37,50.318,50.729,0.0,0.97,1.03,0,8.0,0.0,3.58,3197.08
1984-02,212.51,0,4.524563869,0.0,3908.054,10.04,11.84,11.95,11.54,50.656,51.049,0.0,1.08,1.05,0,7.8,0.0,3.50,3136.95
1984-03,209.55,0,4.65415841,0.0,3908.054,10.59,12.32,12.38,12.02,50.823,51.242,0.0,1.02,1.01,0,7.8,0.0,3.40,2975.93
1984-04,207.20,0,4.646319003,0.0,4009.601,10.9,12.63,12.65,12.37,51.016,51.483,0.0,0.93,0.94,0,7.7,0.0,3.43,3007.68
1984-05,206.49,0,4.708074066,0.0,4009.601,11.66,13.41,13.43,13.17,51.08,51.602,0.0,0.94,0.94,0,7.4,0.0,3.47,2998.78
1984-06,198.82,0,4.787485493,0.0,4009.601,12.08,13.56,13.44,13.48,51.171,51.724,0.0,0.91,0.65,0,7.2,0.0,3.31,2842.45
1984-07,201.84,0,4.897092721,0.0,4084.25,12.03,13.36,13.21,13.27,51.354,51.947,0.0,0.67,0.48,0,7.5,0.0,3.33,2929.86
1984-08,211.24,0,5.032939607,0.0,4084.25,11.82,12.72,12.54,12.68,51.512,52.118,0.0,0.33,0.29,0,7.5,0.0,3.34,2814.39
1984-09,216.68,0,5.140612141,0.0,4084.25,11.58,12.52,12.29,12.53,51.582,52.198,0.0,0.25,0.32,0,7.3,0.0,3.64,3158.17
1984-10,222.97,0,5.103857709,0.0,4148.551,10.9,12.16,11.98,12.06,51.704,52.315,0.0,0.45,0.56,0,7.4,0.0,3.61,3144.18
1984-11,233.20,0,4.968986894,0.0,4148.551,9.82,11.57,11.56,11.33,51.776,52.426,0.0,0.73,0.92,0,7.2,0.0,3.66,3107.74
1984-12,237.76,0,5.052939222,0.0,4148.551,9.33,11.5,11.52,11.07,51.922,52.634,0.0,1.08,1.32,0,7.3,0.0,3.60,3064.97
1985-01,240.90,0,4.726710471,0.0,4230.168,9.02,11.38,11.45,10.93,52.182,52.928,0.0,1.53,1.45,0,7.3,0.0,3.69,3133.23
1985-02,247.69,0,4.871701461,0.0,4230.168,9.29,11.51,11.47,11.13,52.424,53.204,0.0,1.25,1.34,0,7.2,0.0,3.99,3492.33
1985-03,241.39,0,4.962072036,0.0,4230.168,9.86,11.86,11.81,11.52,52.629,53.39,0.0,1.13,1.15,0,7.2,0.0,4.11,3576.67
1985-04,245.76,0,4.754134291,0.0,4294.887,9.14,11.43,11.47,11.01,52.706,53.453,0.0,1.21,1.34,0,7.3,0.0,4.08,3524.52
1985-05,251.83,0,5.037120921,0.0,4294.887,8.46,10.85,11.05,10.34,52.831,53.638,0.0,1.45,1.46,0,7.2,0.0,4.03,3518.71
1985-06,267.94,0,5.05654234,0.0,4294.887,7.8,10.16,10.45,9.6,52.974,53.815,0.0,1.36,1.47,0,7.4,0.0,4.29,3666.14
1985-07,269.86,0,4.948295318,0.0,4386.773,7.86,10.31,10.5,9.7,53.104,53.973,0.0,1.53,1.54,0,7.4,0.0,4.38,3750.57
1985-08,267.91,0,4.94547442,0.0,4386.773,8.05,10.33,10.56,9.81,53.28,54.237,0.0,1.47,1.39,0,7.1,0.0,4.40,3843.14
1985-09,275.70,0,4.7871651,0.0,4386.773,8.07,10.37,10.61,9.81,53.37,54.349,0.0,1.32,1.39,0,7.1,0.0,4.36,3824.61
1985-10,275.85,0,4.891950804,0.0,4444.094,8.01,10.24,10.5,9.69,53.459,54.436,0.0,1.46,1.38,0,7.1,0.0,4.24,3621.56
1985-11,282.74,0,5.149995169,0.0,4444.094,7.88,9.78,10.06,9.28,53.614,54.57,0.0,1.28,1.2,0,7.0,0.0,4.40,3763.49
1985-12,291.12,0,5.030732007,0.0,4444.094,7.67,9.26,9.54,8.73,53.795,54.718,0.0,1.13,1.11,0,7.0,0.0,4.67,4028.93
1986-01,301.98,0,5.296961132,0.0,4507.894,7.73,9.19,9.4,8.68,54.042,55.014,0.0,1.02,1.05,0,6.7,0.0,4.89,4190.57
1986-02,303.11,0,5.124947576,0.0,4507.894,7.61,8.7,8.93,8.34,54.042,55.156,0.0,1.09,0.73,0,7.2,0.0,4.94,4262.52
1986-03,319.91,0,5.229854261,0.0,4507.894,7.03,7.78,7.96,7.46,53.924,55.324,0.0,0.42,0.57,0,7.2,0.0,5.30,4570.36
1986-04,327.10,0,5.370857251,0.0,4545.34,6.44,7.3,7.39,7.05,53.813,55.424,0.0,0.48,0.6,0,7.1,0.0,5.53,4807.84
1986-05,327.69,0,5.040741681,0.0,4545.34,6.65,7.71,7.52,7.52,53.912,55.518,0.0,0.60,0.64,0,7.2,0.0,5.54,4863.95
1986-06,324.86,0,5.042080888,0.0,4545.34,6.73,7.8,7.57,7.64,54.112,55.685,0.0,0.69,0.62,0,7.2,0.0,5.83,5080.20
1986-07,330.15,0,4.975291061,0.0,4607.669,6.27,7.3,7.27,7.06,54.126,55.786,0.0,0.57,0.63,0,7.0,0.0,5.94,5138.32
1986-08,330.30,0,4.838260997,0.0,4607.669,5.93,7.17,7.33,6.8,54.194,55.901,0.0,0.78,0.84,0,6.9,0.0,5.54,4702.64
1986-09,338.56,100.00,4.962973389,0.0,4607.669,5.77,7.45,7.62,6.92,54.371,56.085,0.0,1.01,1.1,0,7.0,0.0,5.93,4904.29
1986-10,336.10,100.83,4.897657302,0.0,4657.627,5.72,7.43,7.7,6.83,54.469,56.274,0.0,1.05,1.15,0,7.0,0.0,5.50,4592.37
1986-11,341.41,102.59,4.591247998,0.0,4657.627,5.8,7.25,7.52,6.76,54.566,56.394,0.0,1.08,0.97,0,6.9,0.0,5.73,4743.74
1986-12,347.48,103.41,4.64519092,0.0,4657.627,5.87,7.11,7.37,6.67,54.64,56.466,0.0,0.93,0.84,0,6.6,0.0,5.81,4739.23
1987-01,351.20,103.96,4.481798225,63.734,4722.156,5.78,7.08,7.39,6.64,54.895,56.601,0.0,0.88,0.85,0,6.6,0.0,5.67,4641.18
1987-02,356.88,106.88,4.44093159,64.134,4722.156,5.96,7.25,7.54,6.79,55.088,56.714,0.0,0.85,0.85,0,6.6,0.0,6.40,5194.08
1987-03,359.47,108.67,4.263792189,64.47,4722.156,6.03,7.25,7.55,6.79,55.233,56.882,0.0,0.84,0.83,0,6.6,0.0,6.71,5574.65
1987-04,356.67,109.87,4.358079784,64.975,4806.16,6.5,8.02,8.25,7.57,55.439,57.123,0.0,0.94,1.0,0,6.3,0.0,6.88,5694.34
1987-05,345.88,107.47,4.416917659,65.55,4806.16,7.0,8.61,8.78,8.26,55.58,57.283,0.0,0.92,0.85,0,6.3,0.0,6.75,5539.91
1987-06,345.65,106.94,4.175391862,66.22,4806.16,6.8,8.4,8.57,8.02,55.791,57.441,0.0,0.78,0.83,0,6.2,0.0,6.79,5537.30
1987-07,349.59,108.42,4.166490008,66.786,4884.555,6.68,8.45,8.64,8.01,55.919,57.589,0.0,0.92,1.01,0,6.1,0.0,7.08,5657.35
1987-08,347.97,108.91,4.280898407,67.267,4884.555,7.03,8.76,8.97,8.32,56.14,57.783,0.0,1.03,1.01,0,6.0,0.0,7.42,5859.77
1987-09,345.44,110.01,4.291035748,67.62100000000001,4884.555,7.67,9.42,9.59,8.94,56.329,58.012,0.0,1.07,1.08,0,5.9,0.0,7.58,6053.67
1987-10,336.55,107.47,4.343067431,67.9,5007.994,7.59,9.52,9.61,9.08,56.508,58.26,0.0,1.04,1.12,0,6.0,0.0,7.65,5927.33
1987-11,346.77,104.53,4.314664296,68.09,5007.994,6.96,8.86,8.95,8.35,56.616,58.382,0.0,1.30,1.17,0,5.8,0.0,5.82,4228.32
1987-12,352.47,107.18,4.302583149,68.343,5007.994,7.17,8.99,9.12,8.45,56.72,58.505,0.0,1.24,1.13,0,5.7,0.0,5.44,4027.10
1988-01,357.67,108.61,4.383640423,68.582,5073.372,6.99,8.67,8.83,8.18,56.941,58.781,0.0,1.06,1.04,0,5.7,0.0,5.80,4360.70
1988-02,372.70,111.77,4.386553409,68.915,5073.372,6.64,8.21,8.43,7.71,57.024,58.902,0.0,1.04,1.03,0,5.7,0.0,6.03,4544.50
1988-03,377.96,114.85,4.451939222,69.32300000000001,5073.372,6.71,8.37,8.63,7.83,57.221,59.154,0.0,1.04,1.1,0,5.7,0.0,6.37,4900.70
1988-04,373.31,114.63,4.388452903,69.78699999999999,5190.036,7.01,8.72,8.95,8.19,57.499,59.441,0.0,1.16,1.13,0,5.4,0.0,6.27,5057.18
1988-05,369.61,115.08,4.445286952,70.407,5190.036,7.4,9.09,9.23,8.58,57.666,59.644,0.0,1.14,1.09,0,5.6,0.0,6.34,5136.58
1988-06,369.03,115.54,4.685384324,71.066,5190.036,7.49,8.92,9.0,8.49,57.912,59.896,0.0,0.94,0.89,0,5.4,0.0,6.45,5048.59
1988-07,377.09,117.91,4.712055892,71.684,5282.835,7.75,9.06,9.14,8.66,58.193,60.14,0.0,0.79,0.78,0,5.4,0.0,6.65,5400.73
1988-08,376.94,119.21,4.685749317,72.184,5282.835,8.17,9.26,9.32,8.94,58.366,60.289,0.0,0.71,0.63,0,5.6,0.0,6.64,5339.16
1988-09,378.89,119.48,4.73102913,72.574,5282.835,8.09,8.98,9.06,8.69,58.65,60.613,0.0,0.57,0.52,0,5.4,0.0,6.38,5211.72
1988-10,387.49,120.62,4.616281806,72.82300000000001,5399.509,8.11,8.8,8.89,8.51,58.841,60.843,0.0,0.44,0.45,0,5.4,0.0,6.69,5350.71
1988-11,394.60,122.35,4.751873732,73.065,5399.509,8.48,8.96,9.02,8.79,58.978,61.01,0.0,0.43,0.29,0,5.3,0.0,6.81,5328.61
1988-12,391.86,122.59,4.798725378,73.279,5399.509,8.99,9.11,9.01,9.09,59.162,61.212,0.0,0.15,0.02,0,5.3,0.0,6.69,5185.43
1989-01,392.57,123.12,4.756783262,73.617,5511.253,9.05,9.09,8.93,9.15,59.465,61.522,0.0,0.00,-0.09,0,5.4,0.0,6.84,5356.55
1989-02,398.16,125.13,4.792426849,73.968,5511.253,9.25,9.17,9.01,9.27,59.663,61.678,0.0,-0.13,-0.2,0,5.2,0.0,7.31,5639.16
1989-03,396.36,125.87,4.760352769,74.411,5511.253,9.57,9.36,9.17,9.51,59.885,61.863,0.0,-0.19,-0.32,0,5.0,0.0,7.16,5681.06
1989-04,397.63,125.38,4.627130987,74.869,5612.463,9.36,9.18,9.03,9.3,60.284,62.07,0.0,-0.43,-0.27,0,5.2,0.0,7.35,5810.76
1989-05,403.20,125.43,4.751380664,75.298,5612.463,8.98,8.86,8.83,8.91,60.504,62.256,0.0,-0.22,-0.16,0,5.2,0.0,7.71,6079.05
1989-06,417.25,127.80,4.753801306,75.697,5612.463,8.44,8.28,8.27,8.29,60.637,62.42,0.0,-0.21,-0.13,0,5.3,0.0,8.06,6322.94
1989-07,430.18,129.75,4.905247602,76.042,5695.365,7.89,8.02,8.08,7.83,60.782,62.581,0.0,0.02,0.2,0,5.2,23.6,7.98,6216.27
1989-08,440.09,130.27,4.865522153,76.27199999999999,5695.365,8.18,8.11,8.12,8.09,60.789,62.669,0.0,0.28,-0.03,0,5.2,23.6,8.57,6473.56
1989-09,434.23,130.88,4.684441734,76.422,5695.365,8.22,8.19,8.15,8.17,60.924,62.886,0.0,-0.18,-0.09,0,5.3,23.6,8.85,6661.68
1989-10,434.91,129.50,4.81739966,76.49,5747.237,7.99,8.01,8.0,7.97,61.162,63.114,0.0,-0.15,0.03,0,5.3,23.6,8.79,6667.48
1989-11,444.00,126.29,4.811218772,76.523,5747.237,7.77,7.87,7.9,7.81,61.296,63.282,0.0,0.04,0.07,0,5.4,23.6,8.56,6280.63
1989-12,446.79,126.48,4.842735403,76.499,5747.237,7.72,7.84,7.9,7.75,61.473,63.462,0.0,0.11,0.06,0,5.4,23.6,8.77,6327.17
1990-01,447.98,125.96,4.92058886,76.527,5872.701,7.92,8.21,8.26,8.12,61.939,63.706,0.0,0.06,0.12,0,5.4,23.5,8.84,6342.99
1990-02,441.86,122.65,4.935526464,76.587,5872.701,8.11,8.47,8.5,8.42,62.212,64.016,0.0,0.14,0.1,0,5.3,23.5,8.20,5820.64
1990-03,442.10,120.38,5.208700881,76.79,5872.701,8.35,8.59,8.56,8.6,62.446,64.323,0.0,0.06,-0.04,0,5.2,23.5,8.35,5989.27
1990-04,444.85,122.98,5.294133558,77.039,5960.028,8.4,8.79,8.76,8.77,62.577,64.515,0.0,0.01,0.07,0,5.4,23.7,8.53,6181.40
1990-05,439.63,123.64,5.183754067,77.296,5960.028,8.32,8.76,8.73,8.74,62.718,64.712,0.0,0.06,0.12,0,5.4,23.7,8.32,5945.58
1990-06,455.12,125.84,5.388456883,77.50399999999999,5960.028,8.1,8.48,8.46,8.43,62.995,64.963,0.0,0.11,0.13,0,5.2,23.7,9.09,6363.32
1990-07,459.58,128.97,5.535071884,77.559,6015.116,7.94,8.47,8.5,8.33,63.151,65.128,0.0,0.19,0.31,0,5.5,23.2,9.00,6363.70
1990-08,466.76,132.32,5.855903558,77.477,6015.116,7.78,8.75,8.86,8.44,63.571,65.398,0.0,0.44,0.69,0,5.7,23.2,8.89,6105.72
1990-09,457.30,126.17,5.948660349,77.226,6015.116,7.76,8.89,9.03,8.51,63.961,65.627,0.0,0.79,0.81,0,5.9,23.2,8.07,5333.53
1990-10,461.58,120.29,5.817450968,76.91,6004.733,7.55,8.72,8.86,8.33,64.327,65.85,0.0,0.77,0.84,0,5.9,23.5,7.83,4855.80
1990-11,464.82,116.91,5.70341926,76.37899999999999,6004.733,7.31,8.39,8.54,8.02,64.409,65.929,0.0,0.89,0.79,0,6.2,23.5,7.59,4582.81
1990-12,472.62,118.67,5.672549361,75.97,6004.733,7.05,8.08,8.24,7.73,64.469,66.021,0.0,0.73,0.77,0,6.3,23.5,8.04,4931.06
1991-01,481.00,120.47,5.839029006,75.531,6035.178,6.64,8.09,8.27,7.7,64.714,66.35,0.0,0.93,0.96,0,6.4,23.8,8.29,5155.03
1991-02,489.82,123.39,5.883436919,75.249,6035.178,6.27,7.85,8.03,7.47,64.747,66.533,0.0,1.08,0.98,0,6.6,23.8,8.70,5561.40
1991-03,491.28,134.45,5.496431415,75.13600000000001,6035.178,6.4,8.11,8.29,7.77,64.76,66.672,0.0,0.94,1.01,0,6.8,23.8,9.45,6167.64
1991-04,498.89,140.41,5.302381155,75.316,6126.862,6.24,8.04,8.21,7.7,64.878,66.805,0.0,1.06,1.09,0,6.7,23.8,9.58,6516.79
1991-05,506.95,144.78,5.248477287,75.768,6126.862,6.13,8.07,8.27,7.7,65.147,67.072,0.0,1.21,1.29,0,6.9,23.8,9.80,6523.70
1991-06,510.31,145.62,4.959978472,76.253,6126.862,6.36,8.28,8.47,7.94,65.257,67.216,0.0,1.38,1.32,0,6.9,23.8,10.08,6791.70
1991-07,509.62,148.96,4.735708693,76.515,6205.937,6.31,8.27,8.45,7.91,65.36,67.421,0.0,1.29,1.35,0,6.8,23.9,9.78,6508.14
1991-08,516.22,152.94,4.413788018,76.593,6205.937,5.78,7.9,8.14,7.43,65.511,67.606,0.0,1.36,1.47,0,6.9,23.9,10.07,6785.97
1991-09,528.89,156.45,4.465741661,76.574,6205.937,5.57,7.65,7.95,7.14,65.737,67.877,0.0,1.46,1.47,0,6.9,23.9,10.36,7052.05
1991-10,540.33,158.77,4.310597235,76.28699999999999,6264.54,5.33,7.53,7.93,6.87,65.86,68.026,0.0,1.46,1.62,0,7.0,24.4,10.27,7060.30
1991-11,546.02,164.17,4.370003221,76.03,6264.54,4.89,7.42,7.92,6.62,66.005,68.153,0.0,1.83,1.86,0,7.0,24.4,10.40,7243.45
1991-12,550.35,165.81,4.366592403,75.843,6264.54,4.38,7.09,7.7,6.19,66.17,68.321,0.0,2.00,2.06,0,7.3,24.4,10.03,6869.98
1992-01,568.73,167.66,4.069913371,75.7,6363.102,4.15,7.03,7.58,6.24,66.26,68.507,0.0,1.94,2.07,0,7.3,24.2,11.13,7510.67
1992-02,561.97,173.32,3.878184354,75.655,6363.102,4.29,7.34,7.85,6.58,66.428,68.693,0.0,2.20,2.13,0,7.4,24.2,11.11,8027.35
1992-03,565.69,177.70,3.990512759,75.814,6363.102,4.63,7.54,7.97,6.95,66.589,68.865,0.0,2.00,1.85,0,7.4,24.2,11.26,8261.10
1992-04,567.64,180.23,4.077543119,76.08,6470.763,4.3,7.48,7.96,6.78,66.769,69.091,0.0,1.93,2.14,0,7.4,24.2,10.99,7972.40
1992-05,570.19,181.21,3.937860894,76.398,6470.763,4.19,7.39,7.89,6.69,66.857,69.188,0.0,2.23,2.16,0,7.6,24.2,11.09,7737.68
1992-06,579.60,183.70,3.875841001,76.60300000000001,6470.763,4.17,7.26,7.84,6.48,66.976,69.242,0.0,2.10,2.21,0,7.8,24.2,11.25,7786.43
1992-07,590.86,186.07,3.785344226,76.711,6566.641,3.6,6.84,7.6,5.84,67.197,69.503,0.0,2.28,2.48,0,7.7,24.1,11.09,7516.25
1992-08,605.45,189.55,3.644349796,76.732,6566.641,3.47,6.59,7.39,5.6,67.287,69.567,0.0,2.30,2.4,0,7.6,24.1,11.41,7778.40
1992-09,612.22,192.03,3.363566041,76.628,6566.641,3.18,6.42,7.34,5.38,67.397,69.68,0.0,2.44,2.53,0,7.6,24.1,11.22,7548.16
1992-10,621.83,194.23,3.654950596,76.597,6680.803,3.3,6.59,7.53,5.6,67.635,69.948,0.0,2.56,2.51,0,7.3,24.6,11.26,7710.56
1992-11,610.07,191.50,3.649402976,76.578,6680.803,3.68,6.87,7.61,6.04,67.768,70.101,0.0,2.40,2.29,0,7.4,24.6,11.44,7955.87
1992-12,610.48,194.52,3.497528562,76.464,6680.803,3.71,6.77,7.44,6.08,67.886,70.231,0.0,2.13,2.1,0,7.4,24.6,11.92,8548.52
1993-01,620.59,196.90,3.547354737,76.395,6729.459,3.5,6.6,7.34,5.83,68.052,70.435,0.0,2.14,2.21,0,7.3,25.2,12.13,8846.03
1993-02,633.95,201.77,3.580667722,76.328,6729.459,3.39,6.26,7.09,5.43,68.154,70.57,44.40625,2.19,2.16,0,7.1,25.2,12.38,9124.45
1993-03,650.42,205.71,3.353160609,76.383,6729.459,3.33,5.98,6.82,5.19,68.294,70.723,45.1875,2.06,2.03,0,7.0,25.2,12.31,8939.96
1993-04,651.92,208.49,3.422176699,76.66199999999999,6808.939,3.24,5.97,6.85,5.13,68.475,70.929,44.03125,2.12,2.13,0,7.1,25.4,12.60,9264.74
1993-05,656.95,210.12,3.551431283,77.031,6808.939,3.36,6.04,6.92,5.2,68.687,71.169,45.21875,2.22,2.06,0,7.1,25.4,12.30,8984.58
1993-06,659.15,212.97,3.583428873,77.517,6808.939,3.54,5.96,6.81,5.22,68.711,71.237,45.0625,1.91,1.8,0,7.0,25.4,12.77,9347.49
1993-07,672.47,216.70,3.437046316,77.885,6882.098,3.47,5.81,6.63,5.09,68.82,71.385,44.84375,1.81,1.74,0,6.9,25.7,12.72,9435.48
1993-08,677.23,219.00,3.522739086,78.131,6882.098,3.44,5.68,6.32,5.03,68.938,71.518,46.5625,1.70,1.68,0,6.8,25.7,12.74,9549.27
1993-09,694.87,220.75,3.656038681,78.19800000000001,6882.098,3.36,5.36,6.0,4.73,69.01,71.625,45.9375,1.58,1.51,0,6.7,25.7,13.24,9976.99
1993-10,700.75,222.15,3.433321443,78.172,7013.738,3.39,5.33,5.94,4.71,69.227,71.744,46.84375,1.50,1.46,0,6.8,26.1,13.30,10229.71
1993-11,698.49,226.08,3.445125507,78.17,7013.738,3.58,5.72,6.21,5.06,69.358,71.928,46.34375,1.45,1.56,0,6.6,26.1,13.51,10438.64
1993-12,694.27,227.46,3.557822725,78.113,7013.738,3.61,5.77,6.25,5.15,69.374,71.96,46.59375,1.62,1.56,0,6.5,26.1,13.30,10120.25
1994-01,697.73,229.78,3.384372964,78.199,7115.652,3.54,5.75,6.29,5.09,69.397,72.018,48.21875,1.58,1.61,0,6.6,26.4,13.50,10499.38
1994-02,706.78,234.74,3.424654259,78.205,7115.652,3.87,5.97,6.49,5.4,69.558,72.173,46.8125,1.57,1.5,0,6.6,26.4,13.88,10815.21
1994-03,689.99,233.11,3.578833286,78.35,7115.652,4.32,6.48,6.91,5.94,69.75,72.42,44.59375,1.47,1.48,0,6.5,26.4,13.54,10781.33
1994-04,676.19,225.58,3.364064138,78.702,7246.931,4.82,6.97,7.27,6.52,69.832,72.528,45.09375,1.56,1.42,0,6.4,26.7,12.99,10180.66
1994-05,669.14,222.77,3.238103819,79.21,7246.931,5.31,7.18,7.41,6.78,69.933,72.69,45.8125,1.33,1.21,0,6.1,26.7,13.12,10181.69
1994-06,668.11,222.34,3.207540833,79.702,7246.931,5.27,7.1,7.4,6.7,70.104,72.851,44.46875,1.14,1.17,0,6.1,26.7,13.28,10088.97
1994-07,666.67,223.24,3.245680943,80.064,7331.075,5.48,7.3,7.58,6.91,70.325,73.004,45.90625,1.15,1.17,0,6.1,27.0,12.95,9811.70
1994-08,679.28,224.84,3.318864731,80.317,7331.075,5.56,7.24,7.49,6.88,70.486,73.086,47.65625,1.10,1.06,0,6.0,27.0,13.35,10051.57
1994-09,681.25,226.49,3.267212367,80.34,7331.075,5.76,7.46,7.71,7.08,70.565,73.197,46.171875,1.04,1.07,0,5.9,27.0,13.79,10625.85
1994-10,670.19,226.39,3.178740091,80.304,7455.288,6.11,7.74,7.94,7.4,70.684,73.369,47.484375,1.00,1.01,0,5.8,27.4,13.59,10578.68
1994-11,665.97,226.60,3.142092625,80.17,7455.288,6.54,7.96,8.08,7.72,70.819,73.503,45.59375,0.98,0.81,0,5.6,27.4,13.71,10574.52
1994-12,667.41,224.67,2.915659975,80.079,7455.288,7.14,7.81,7.87,7.78,70.865,73.528,45.5625,0.50,0.22,0,5.5,27.4,13.17,10095.00
1995-01,674.41,227.40,3.159681044,80.027,7522.289,7.05,7.78,7.85,7.76,71.008,73.711,47.09375,0.15,0.27,0,5.6,27.9,13.49,10355.20
1995-02,685.75,230.72,3.139699974,79.993,7522.289,6.7,7.47,7.61,7.37,71.134,73.831,49.015625,0.33,0.36,0,5.4,27.9,13.79,10256.51
1995-03,706.23,238.52,3.184482491,80.08,7522.289,6.43,7.2,7.45,7.05,71.265,74.013,50.109375,0.42,0.42,0,5.4,27.9,14.29,10715.76
1995-04,711.87,241.20,3.322916117,80.37100000000001,7580.997,6.27,7.06,7.36,6.86,71.453,74.184,51.59375,0.40,0.49,0,5.8,28.0,14.71,10970.86
1995-05,722.52,247.58,3.367477772,80.693,7580.997,6.0,6.63,6.95,6.41,71.563,74.311,53.640625,0.47,0.46,0,5.6,28.0,15.06,11173.90
1995-06,760.97,255.44,3.34707431,81.07,7580.997,5.64,6.17,6.57,5.93,71.633,74.375,54.40625,0.49,0.45,0,5.6,28.0,15.61,11372.66
1995-07,763.91,256.79,3.402097044,81.413,7683.125,5.59,6.28,6.72,6.01,71.722,74.493,56.15625,0.42,0.5,0,5.7,28.3,16.08,11940.59
1995-08,757.99,259.96,3.255560049,81.655,7683.125,5.75,6.49,6.86,6.24,71.877,74.671,56.40625,0.56,0.51,0,5.7,28.3,16.66,12704.61
1995-09,773.47,261.70,3.368207809,81.74,7683.125,5.62,6.2,6.55,6.0,71.926,74.77,58.484375,0.44,0.39,0,5.6,28.3,16.96,12916.72
1995-10,780.32,264.60,3.479287466,81.72800000000001,7772.586,5.59,6.04,6.37,5.86,72.113,74.952,58.3125,0.34,0.34,0,5.5,28.5,17.55,13171.76
1995-11,794.12,266.90,3.394879542,81.633,7772.586,5.43,5.93,6.26,5.69,72.111,75.0,60.90625,0.46,0.45,0,5.6,28.5,17.45,12688.52
1995-12,808.30,269.81,3.397750888,81.515,7772.586,5.31,5.71,6.06,5.51,72.249,75.105,61.484375,0.39,0.39,0,5.6,28.5,18.14,13258.00
1996-01,819.75,273.93,3.294296705,81.428,7868.468,5.09,5.65,6.05,5.36,72.41,75.19,63.671875,0.40,0.54,0,5.6,28.4,18.40,13572.99
1996-02,822.98,278.78,3.278044833,81.4,7868.468,4.94,5.81,6.24,5.38,72.524,75.288,63.875,0.70,0.78,0,5.5,28.4,18.99,13512.36
1996-03,811.29,280.16,3.15123296,81.666,7868.468,5.34,6.27,6.6,5.97,72.743,75.462,64.6875,0.73,0.61,0,5.5,28.4,19.27,13948.21
1996-04,800.31,278.43,3.021419042,82.126,8032.84,5.54,6.51,6.79,6.3,72.961,75.565,65.390625,0.52,0.55,0,5.6,28.4,19.65,14268.41
1996-05,792.09,278.75,3.065009249,82.603,8032.84,5.64,6.74,6.93,6.48,73.087,75.696,66.875,0.65,0.64,0,5.6,28.4,19.97,15074.92
1996-06,791.66,280.61,3.066510398,83.05,8032.84,5.81,6.91,7.06,6.69,73.086,75.754,67.109375,0.58,0.61,0,5.3,28.4,20.46,15582.90
1996-07,802.27,282.03,3.103134864,83.42,8131.408,5.85,6.87,7.03,6.64,73.241,75.897,64.09375,0.59,0.6,0,5.5,28.2,20.46,15022.27
1996-08,811.80,284.79,3.096243134,83.646,8131.408,5.67,6.64,6.84,6.39,73.31,75.962,65.328125,0.57,0.61,0,5.1,28.2,19.51,13848.06
1996-09,802.07,287.11,3.076709572,83.70299999999999,8131.408,5.83,6.83,7.03,6.6,73.517,76.192,68.625,0.62,0.6,0,5.2,28.2,19.81,14646.63
1996-10,821.55,294.29,2.957328624,83.631,8259.771,5.55,6.53,6.81,6.27,73.74,76.373,70.84375,0.62,0.62,0,5.2,28.4,20.88,15297.39
1996-11,839.51,296.42,2.99348831,83.55799999999999,8259.771,5.42,6.2,6.48,5.97,73.871,76.473,76.015625,0.59,0.5,0,5.4,28.4,21.13,15085.96
1996-12,858.93,302.29,3.066760867,83.492,8259.771,5.47,6.3,6.55,6.07,73.956,76.503,73.84375,0.47,0.52,0,5.4,28.4,22.56,15706.96
1997-01,847.54,304.80,2.924852958,83.53200000000001,8362.655,5.61,6.58,6.83,6.33,74.052,76.584,78.40625,0.55,0.57,0,5.3,28.0,22.31,15931.43
1997-02,848.74,307.09,2.815492049,83.598,8362.655,5.53,6.42,6.69,6.2,74.208,76.741,79.15625,0.59,0.52,0,5.2,28.0,23.50,16245.02
1997-03,850.91,311.82,2.868448161,83.912,8362.655,5.8,6.69,6.93,6.54,74.286,76.925,75.375,0.47,0.47,0,5.2,28.0,23.49,15890.57
1997-04,841.29,307.02,2.924881516,84.322,8518.825,5.99,6.89,7.09,6.76,74.359,77.075,80.09375,0.48,0.44,0,5.1,28.3,22.48,15111.46
1997-05,855.26,311.78,2.883239208,84.865,8518.825,5.87,6.71,6.94,6.57,74.324,77.131,85.15625,0.42,0.43,0,4.9,28.3,23.42,15095.20
1997-06,861.69,318.03,2.841507556,85.399,8518.825,5.69,6.49,6.77,6.38,74.42,77.245,88.3125,0.45,0.4,0,5.0,28.3,25.09,16807.01
1997-07,878.28,323.33,2.764311367,85.84200000000001,8662.823,5.54,6.22,6.51,6.12,74.464,77.297,95.3125,0.43,0.33,0,4.9,28.4,26.38,17722.53
1997-08,897.70,330.49,2.668660701,86.15100000000001,8662.823,5.56,6.3,6.58,6.16,74.524,77.267,90.375,0.31,0.36,0,4.8,28.4,28.10,18768.22
1997-09,893.86,331.10,2.558893145,86.311,8662.823,5.52,6.21,6.5,6.11,74.704,77.427,94.375,0.37,0.33,0,4.9,28.4,27.20,19089.23
1997-10,914.58,337.83,2.633884037,86.40799999999999,8765.907,5.46,6.03,6.33,5.93,74.801,77.545,92.0625,0.29,0.26,0,4.7,28.3,28.99,20464.62
1997-11,923.06,338.78,2.564888202,86.633,8765.907,5.46,5.88,6.11,5.8,74.804,77.568,95.625,0.21,0.17,0,4.6,28.3,27.85,19591.90
1997-12,926.25,342.02,2.636585632,86.84899999999999,8765.907,5.53,5.81,5.99,5.77,74.788,77.613,97.0625,0.08,0.09,0,4.7,28.3,29.28,19465.97
1998-01,935.57,345.24,2.686312997,87.165,8866.48,5.24,5.54,5.81,5.42,74.825,77.732,98.3125,0.09,0.18,0,4.6,28.6,29.29,19893.40
1998-02,947.91,350.74,2.70235568,87.375,8866.48,5.31,5.57,5.89,5.49,74.787,77.798,105.125,0.21,0.15,0,4.6,28.6,29.45,19683.63
1998-03,946.47,352.16,2.682792941,87.87799999999999,8866.48,5.39,5.65,5.95,5.61,74.799,77.881,109.9375,0.07,0.09,0,4.7,28.6,31.59,21237.37
1998-04,953.99,355.81,2.650550927,88.559,8969.699,5.38,5.64,5.92,5.61,74.891,78.024,111.34375,0.07,0.08,0,4.3,28.6,33.41,22223.46
1998-05,957.29,357.25,2.621199946,89.375,8969.699,5.44,5.65,5.93,5.63,74.994,78.1,109.03125,0.08,0.06,0,4.4,28.6,33.78,22346.32
1998-06,969.81,359.74,2.610692088,90.195,8969.699,5.41,5.5,5.7,5.52,74.931,78.002,113.3125,0.01,-0.02,0,4.5,28.6,32.57,21165.78
1998-07,977.33,361.31,2.613395599,90.86,9121.097,5.36,5.46,5.68,5.46,75.116,78.222,111.78125,-0.02,0.0,0,4.5,27.9,34.20,21400.09
1998-08,975.67,363.34,2.643666793,91.407,9121.097,5.21,5.34,5.54,5.27,75.22,78.375,96.0,0.01,0.07,0,4.5,27.9,33.08,19902.01
1998-09,975.98,343.52,2.603431515,91.753,9121.097,4.71,4.81,5.2,4.62,75.176,78.361,101.75,0.19,0.14,0,4.6,27.9,28.89,16033.06
1998-10,1014.17,345.99,2.54435291,92.001,9293.991,4.12,4.53,5.01,4.18,75.341,78.514,110.0,0.16,0.44,0,4.5,28.1,28.80,17130.25
1998-11,995.78,338.51,2.531446927,92.199,9293.991,4.53,4.83,5.25,4.54,75.345,78.528,116.125,0.52,0.29,0,4.4,28.1,31.96,17978.07
1998-12,1014.20,356.32,2.446189532,92.445,9293.991,4.52,4.65,5.06,4.45,75.42,78.663,123.3125,0.23,0.14,0,4.4,28.1,34.25,18955.74
1999-01,1017.16,355.43,2.3907588,92.715,9411.682,4.51,4.72,5.16,4.6,75.527,78.776,127.65625,0.11,0.1,0,4.3,27.9,36.15,20162.65
1999-02,1021.76,360.00,2.3238316,92.981,9411.682,4.7,5.0,5.37,4.91,75.484,78.749,123.5625,0.10,0.12,0,4.4,27.9,37.37,20391.92
1999-03,996.46,357.00,2.2464619,93.611,9411.682,4.78,5.23,5.58,5.14,75.541,78.773,128.375,0.20,0.18,0,4.2,27.9,36.10,19052.35
1999-04,1008.11,362.05,2.2358613,94.437,9526.21,4.69,5.18,5.55,5.08,75.906,78.975,133.25,0.26,0.2,0,4.3,28.1,37.71,19427.57
1999-05,1013.85,368.56,2.1625267,95.362,9526.21,4.85,5.54,5.81,5.44,75.955,79.051,130.203125,0.28,0.29,0,4.2,28.1,39.31,21101.96
1999-06,991.53,364.16,2.0812547,96.365,9526.21,5.1,5.9,6.04,5.81,75.979,79.092,137.0,0.24,0.28,0,4.3,28.1,38.22,21401.54
1999-07,992.74,364.72,2.1244533,97.194,9686.626,5.03,5.79,5.98,5.68,76.181,79.235,132.75,0.27,0.24,0,4.3,27.8,40.64,22629.09
1999-08,988.44,364.76,2.1074137,97.899,9686.626,5.2,5.94,6.07,5.84,76.319,79.273,132.0625,0.29,0.26,0,4.2,27.8,39.15,22301.16
1999-09,985.86,360.57,2.0832919,98.402,9686.626,5.25,5.92,6.07,5.8,76.593,79.483,128.75,0.25,0.26,0,4.2,27.8,39.07,21670.18
1999-10,991.91,357.87,2.0639533,98.835,9900.169,5.43,6.11,6.26,6.03,76.723,79.619,137.0,0.27,0.25,0,4.1,28.3,37.74,21167.60
1999-11,998.37,357.62,2.1623251,99.153,9900.169,5.55,6.03,6.15,5.97,76.792,79.695,139.28125,0.23,0.17,0,4.1,28.3,40.02,22055.48
1999-12,1000.48,362.12,2.1818508,99.547,9900.169,5.84,6.28,6.35,6.19,76.97,79.796,146.875,0.17,0.18,0,4.0,28.3,41.75,23430.44
2000-01,997.97,364.36,2.350195,100.0,10002.179,6.12,6.66,6.63,6.58,77.18,79.987,139.5625,0.21,0.22,0,4.0,28.6,44.67,26060.39
2000-02,996.98,363.00,2.3950909,100.571,10002.179,6.22,6.52,6.23,6.68,77.422,80.106,137.4375,0.02,-0.09,0,4.1,28.6,43.34,25869.85
2000-03,1002.63,363.72,2.4989589,101.466,10002.179,6.22,6.26,6.05,6.5,77.755,80.27,150.375,-0.13,-0.27,0,4.0,28.6,44.37,30157.23
2000-04,1013.44,358.40,2.4247194,102.54,10247.72,6.15,5.99,5.85,6.26,77.69,80.323,145.09375,-0.47,-0.41,0,3.8,28.2,46.37,27542.29
2000-05,999.67,358.26,2.5736327,103.701,10247.72,6.33,6.44,6.15,6.69,77.755,80.409,142.8125,-0.44,-0.37,0,4.0,28.2,44.56,25779.20
2000-06,1000.02,354.18,2.7153642,104.855,10247.72,6.17,6.1,5.93,6.3,78.019,80.47,145.28125,-0.41,-0.38,0,4.0,28.2,43.45,24457.94
2000-07,1020.15,360.73,2.7240005,105.721,10318.165,6.08,6.05,5.85,6.18,78.214,80.654,143.0,-0.35,-0.29,0,4.0,27.8,44.29,25941.94
2000-08,1034.71,361.89,2.8853852,106.521,10318.165,6.18,5.83,5.72,6.06,78.209,80.757,152.34375,-0.27,-0.4,0,4.1,27.8,43.50,25076.26
2000-09,1048.15,366.36,2.908796,107.134,10318.165,6.13,5.8,5.83,5.93,78.545,80.953,143.625,-0.41,-0.28,0,3.9,27.8,46.70,27287.81
2000-10,1053.80,363.06,2.9310365,107.727,10435.744,6.01,5.74,5.8,5.78,78.652,81.067,142.953125,-0.18,-0.17,0,3.9,27.2,44.37,26054.06
2000-11,1054.76,351.72,2.8816134,108.289,10435.744,6.09,5.72,5.78,5.7,78.762,81.21,132.28125,-0.14,-0.16,0,3.9,27.2,43.23,24703.24
2000-12,1065.31,337.41,2.9838403,108.79,10435.744,5.6,5.24,5.49,5.17,78.883,81.289,131.1875,-0.10,-0.11,0,3.9,27.2,39.30,22372.87
2001-01,1089.13,345.71,2.8896431,109.212,10470.231,4.81,5.16,5.54,4.86,79.265,81.592,137.020004,0.01,0.4,0,4.2,26.6,39.80,23694.82
2001-02,1123.74,368.34,2.9893325,109.64,10470.231,4.68,5.1,5.45,4.89,79.388,81.736,123.949997,0.55,0.44,0,4.2,26.6,41.50,24878.14
2001-03,1132.59,373.33,2.9711853,110.392,10470.231,4.3,4.89,5.34,4.64,79.395,81.821,116.690002,0.46,0.55,0,4.3,26.6,37.42,22878.31
2001-04,1137.56,365.71,3.1007641,111.246,10599.0,3.98,5.14,5.65,4.76,79.534,81.951,126.660004,0.75,0.91,0,4.4,26.6,34.89,21472.78
2001-05,1135.28,361.85,3.0843327,112.201,10599.0,3.78,5.39,5.78,4.93,79.743,81.97,125.949997,1.07,1.13,0,4.3,26.6,38.27,23882.80
2001-06,1145.71,366.82,3.2118098,113.271,10599.0,3.58,5.28,5.67,4.81,79.885,82.154,122.599998,1.17,1.2,0,4.5,26.6,38.34,24615.19
2001-07,1148.33,357.41,3.2190557,114.226,10598.02,3.62,5.24,5.61,4.76,79.858,82.366,121.349998,1.17,1.2,0,4.6,25.9,37.50,24905.20
2001-08,1179.11,363.98,3.2635089,114.987,10598.02,3.47,4.97,5.48,4.57,79.848,82.406,114.150002,1.28,1.21,0,4.9,25.9,37.05,24023.30
2001-09,1193.30,366.08,3.3990087,115.464,10598.02,2.82,4.73,5.48,4.12,79.577,81.939,104.440002,1.21,1.61,0,5.0,25.9,34.65,22954.31
2001-10,1198.27,340.10,3.4934371,115.679,10660.465,2.33,4.57,5.32,3.91,79.857,82.516,105.800003,1.73,1.84,0,5.3,26.0,31.39,19400.59
2001-11,1226.08,351.81,3.6122717,115.836,10660.465,2.18,4.65,5.12,3.97,79.803,82.683,114.050003,1.75,1.87,0,5.5,26.0,33.01,21473.21
2001-12,1212.84,364.05,3.5754587,116.054,10660.465,2.22,5.09,5.48,4.39,79.721,82.702,114.300003,1.94,1.98,0,5.7,26.0,34.81,22996.46
2002-01,1205.70,361.19,3.5684398,116.436,10783.5,2.16,5.04,5.45,4.34,79.793,82.75,113.18,2.00,2.01,0,5.7,26.1,35.43,24436.88
2002-02,1215.32,363.34,3.5387817,116.917,10783.5,2.23,4.91,5.45,4.3,79.926,82.907,111.150002,1.94,1.89,0,5.7,26.1,34.75,23940.08
2002-03,1215.22,359.33,3.480145,117.93,10783.5,2.57,5.28,5.81,4.74,80.144,83.006,114.519997,1.80,1.72,0,5.7,26.1,35.03,23762.10
2002-04,1197.65,367.27,3.4775061,119.209,10887.46,2.48,5.21,5.79,4.65,80.479,83.238,107.860001,1.70,1.79,0,5.9,26.1,35.74,25058.41
2002-05,1214.13,373.40,3.4632677,120.788,10887.46,2.35,5.16,5.76,4.49,80.531,83.331,107.220001,1.87,1.9,0,5.8,26.1,34.29,25034.82
2002-06,1229.49,370.48,3.2512149,122.332,10887.46,2.2,4.93,5.68,4.19,80.632,83.463,98.959999,1.86,1.94,0,5.8,26.1,33.63,23988.21
2002-07,1231.50,342.22,3.2740984,123.685,10984.04,1.96,4.65,5.59,3.81,80.81,83.632,91.160004,1.97,2.09,0,5.8,25.4,30.55,22024.49
2002-08,1235.13,330.94,3.1567969,124.728,10984.04,1.76,4.26,5.28,3.29,80.969,83.797,91.779999,2.32,2.13,0,5.7,25.4,27.97,19583.66
2002-09,1262.82,336.74,3.0374651,125.492,10984.04,1.72,3.87,4.96,2.94,81.115,83.934,81.790001,2.00,1.87,0,5.7,25.4,28.91,19973.55
2002-10,1281.55,330.88,2.9477485,126.135,11061.433,1.65,3.94,5.18,2.95,81.262,84.005,88.519997,1.92,2.03,0,5.7,25.1,26.92,18843.94
2002-11,1267.67,329.11,2.8341831,126.641,11061.433,1.49,4.05,5.18,3.05,81.343,84.087,93.980003,2.25,2.13,0,5.9,25.1,28.48,19613.83
2002-12,1288.41,349.27,2.8018315,127.15,11061.433,1.45,4.03,5.13,3.03,81.421,84.165,88.230003,2.14,2.19,0,6.0,25.1,29.69,20849.37
2003-01,1328.32,354.35,2.7875531,127.651,11174.129,1.36,4.05,5.14,3.05,81.664,84.223,86.059998,2.22,2.31,0,5.8,25.0,28.04,19798.40
2003-02,1332.92,364.99,2.7046594,128.326,11174.129,1.3,3.9,5.02,2.9,82.009,84.339,84.900002,2.28,2.27,0,5.9,25.0,27.34,19268.59
2003-03,1360.72,369.90,2.6277872,129.308,11174.129,1.24,3.81,5.03,2.78,82.219,84.474,84.739998,2.18,2.24,0,5.9,25.0,26.87,18742.74
2003-04,1362.96,380.98,2.4593491,130.489,11312.766,1.27,3.96,5.13,2.93,82.08,84.568,91.910004,2.34,2.34,0,6.0,25.8,27.48,19134.40
2003-05,1389.02,402.77,2.3483407,131.839,11312.766,1.18,3.57,4.76,2.52,81.986,84.69,96.949997,2.38,2.15,0,6.1,25.8,29.40,20912.84
2003-06,1432.09,406.33,2.27155,133.225,11312.766,1.01,3.33,4.62,2.27,82.074,84.738,97.629997,2.04,2.1,0,6.3,25.8,31.20,23072.33
2003-07,1427.08,417.19,2.237208,134.64600000000002,11566.669,1.12,3.98,5.13,2.87,82.315,84.949,99.389999,2.26,2.51,0,6.2,26.1,31.89,23703.46
2003-08,1371.15,409.89,2.1655338,135.964,11566.669,1.31,4.45,5.45,3.37,82.593,85.045,101.440002,2.59,2.59,0,6.1,26.1,32.08,24555.70
2003-09,1380.18,417.32,2.1842475,137.075,11566.669,1.24,4.27,5.28,3.18,82.852,85.164,99.949997,2.50,2.56,0,6.1,26.1,33.20,26113.28
2003-10,1429.69,429.19,2.1611133,137.975,11772.234,1.25,4.29,5.3,3.19,82.862,85.32,105.300003,2.49,2.54,0,6.0,26.5,33.55,26270.96
2003-11,1413.33,437.53,2.0365931,138.765,11772.234,1.34,4.3,5.25,3.29,82.967,85.437,106.449997,2.48,2.37,0,5.8,26.5,34.84,27851.76
2003-12,1416.08,443.87,1.976213,139.628,11772.234,1.31,4.27,5.21,3.27,83.15,85.544,111.279999,2.28,2.36,0,5.7,26.5,35.74,29250.08
2004-01,1438.70,454.10,1.9607229,140.70600000000002,11923.447,1.24,4.15,5.13,3.12,83.471,85.763,113.480003,2.43,2.39,0,5.7,27.2,36.92,29504.53
2004-02,1454.19,461.43,2.0481367,142.03,11923.447,1.24,4.08,5.08,3.07,83.649,85.902,115.019997,2.32,2.34,0,5.6,27.2,37.74,30645.66
2004-03,1471.21,461.53,2.1370611,144.08100000000002,11923.447,1.19,3.83,4.9,2.79,83.778,86.046,113.099998,2.33,2.25,0,5.8,27.2,38.69,31536.78
2004-04,1481.40,464.11,2.2577613,146.179,12112.815,1.43,4.35,5.28,3.39,83.934,86.27,110.959999,2.26,2.28,0,5.6,27.1,38.11,31632.37
2004-05,1440.00,460.94,2.2378638,148.333,12112.815,1.78,4.72,5.51,3.85,84.206,86.388,112.860001,2.22,2.19,0,5.6,27.1,37.07,29937.82
2004-06,1426.05,453.21,2.3794884,150.517,12112.815,2.12,4.73,5.48,3.93,84.447,86.525,114.529999,2.11,1.97,0,5.6,27.1,37.63,30672.07
2004-07,1440.52,461.01,2.2638524,152.336,12305.307,2.1,4.5,5.31,3.69,84.525,86.628,110.839996,1.93,1.86,0,5.5,27.4,37.97,31287.20
2004-08,1454.11,466.49,2.2577292,153.813,12305.307,2.02,4.28,5.15,3.47,84.569,86.661,111.110001,1.82,1.77,0,5.4,27.4,36.90,29885.22
2004-09,1488.21,475.24,2.240201,155.107,12305.307,2.12,4.13,4.98,3.36,84.735,86.823,111.760002,1.72,1.6,0,5.4,27.4,37.13,29996.07
2004-10,1491.44,481.43,2.2372194,156.299,12527.214,2.23,4.1,4.94,3.35,85.099,87.012,113.199997,1.58,1.52,0,5.5,27.7,38.25,31582.61
2004-11,1506.03,491.01,2.3012131,157.497,12527.214,2.5,4.19,4.95,3.53,85.427,87.199,117.889999,1.50,1.34,0,5.4,27.7,38.36,31817.76
2004-12,1494.59,496.14,2.3138859,158.671,12527.214,2.67,4.23,4.91,3.6,85.473,87.311,120.870003,1.37,1.22,0,5.4,27.7,40.71,34654.76
2005-01,1516.60,503.45,2.3158903,160.131,12767.286,2.86,4.22,4.77,3.71,85.585,87.625,118.160004,1.16,1.0,0,5.3,27.7,41.58,35244.96
2005-02,1528.78,503.57,2.2862449,161.925,12767.286,3.03,4.17,4.56,3.77,85.823,87.77,120.629997,0.86,0.79,0,5.4,27.7,40.74,34190.11
2005-03,1519.11,509.99,2.2461526,164.577,12767.286,3.3,4.5,4.77,4.17,86.08,87.987,117.959999,0.79,0.77,0,5.2,27.7,41.55,34897.64
2005-04,1505.87,496.46,2.2397223,167.0,12922.656,3.32,4.34,4.65,4.0,86.321,88.089,115.75,0.71,0.69,0,5.2,28.0,40.34,33704.46
2005-05,1523.58,490.87,2.3579552,169.545,12922.656,3.33,4.14,4.49,3.85,86.37,88.269,119.480003,0.55,0.5,0,5.1,28.0,39.67,32217.45
2005-06,1551.48,501.76,2.1993552,172.015,12922.656,3.36,4.0,4.28,3.77,86.423,88.33,119.18,0.41,0.36,0,5.0,28.0,41.60,34520.17
2005-07,1547.12,509.18,2.3010794,174.097,13142.642,3.64,4.18,4.38,3.98,86.79,88.46,123.739998,0.30,0.31,0,5.0,28.1,41.73,35601.83
2005-08,1535.93,516.66,2.2644059,175.922,13142.642,3.87,4.26,4.44,4.12,87.14,88.532,122.580002,0.28,0.22,0,4.9,28.1,43.40,37670.38
2005-09,1563.96,518.63,2.3340762,177.61,13142.642,3.85,4.2,4.45,4.01,87.981,88.728,123.040001,0.30,0.25,0,5.0,28.1,42.96,37093.41
2005-10,1539.02,513.83,2.3253024,178.752,13324.204,4.18,4.46,4.64,4.33,88.121,88.982,120.129997,0.16,0.19,0,5.0,28.2,43.20,37229.11
2005-11,1521.62,510.24,2.4316658,179.675,13324.204,4.33,4.54,4.7,4.45,87.938,89.21,125.410004,0.16,0.12,0,5.0,28.2,42.34,35882.32
2005-12,1529.21,512.90,2.4690335,180.108,13324.204,4.35,4.47,4.62,4.39,87.938,89.302,124.510002,0.07,0.07,0,4.9,28.2,44.74,38444.30
2006-01,1546.51,517.24,2.4510191,180.829,13599.16,4.45,4.42,4.57,4.35,88.364,89.503,127.5,-0.02,0.02,0,4.7,28.8,44.20,37841.81
2006-02,1540.40,525.74,2.4992554,181.501,13599.16,4.68,4.57,4.57,4.57,88.417,89.647,128.229996,-0.02,-0.1,0,4.8,28.8,45.83,40892.12
2006-03,1546.46,528.58,2.581219,182.75,13599.16,4.77,4.72,4.73,4.72,88.588,89.894,129.830002,-0.12,-0.01,0,4.7,28.8,46.18,41309.78
2006-04,1529.88,532.06,2.6806926,183.649,13753.424,4.9,4.99,5.06,4.9,88.999,90.169,131.470001,0.04,0.1,0,4.7,28.7,46.65,42626.27
2006-05,1519.53,535.45,2.7839595,184.381,13753.424,5.0,5.11,5.2,5.0,89.239,90.395,127.510002,0.20,0.14,0,4.6,28.7,46.97,42594.15
2006-06,1523.14,535.08,3.0344298,184.548,13753.424,5.16,5.11,5.15,5.07,89.459,90.623,127.279999,0.07,-0.01,0,4.6,28.7,46.27,41386.75
2006-07,1523.72,533.12,3.0939988,184.608,13870.188,5.22,5.09,5.13,5.04,89.765,90.712,127.849998,-0.01,-0.03,0,4.7,28.8,45.76,40798.58
2006-08,1546.95,539.04,3.2251144,184.405,13870.188,5.08,4.88,5.0,4.82,90.047,90.896,130.639999,0.02,-0.02,0,4.7,28.8,45.32,39095.93
2006-09,1576.02,547.79,3.212012,184.199,13870.188,4.97,4.72,4.85,4.67,89.812,91.04,133.580002,-0.04,-0.05,0,4.5,28.8,46.90,40574.56
2006-10,1592.34,554.72,3.2911246,184.056,14039.56,5.01,4.73,4.85,4.69,89.599,91.204,137.789993,-0.07,-0.07,0,4.4,29.0,47.73,40733.50
2006-11,1610.73,563.67,3.1482614,183.634,14039.56,5.01,4.6,4.69,4.58,89.63,91.248,140.529999,-0.09,-0.14,0,4.5,29.0,49.08,42235.19
2006-12,1632.54,572.66,3.1241583,183.232,14039.56,4.94,4.56,4.68,4.53,89.949,91.37,141.619995,-0.09,-0.11,0,4.4,29.0,50.51,44069.80
2007-01,1614.19,578.10,3.1457342,182.72,14215.651,5.06,4.76,4.85,4.75,90.249,91.741,143.75,-0.11,-0.12,0,4.6,29.4,51.22,44266.49
2007-02,1613.97,585.27,3.161558,182.472,14215.651,5.05,4.72,4.82,4.71,90.529,91.939,140.929993,-0.12,-0.13,0,4.5,29.4,52.57,45836.03
2007-03,1647.55,591.83,3.1090014,182.194,14215.651,4.92,4.56,4.72,4.48,90.861,92.032,142.0,-0.07,-0.01,0,4.4,29.4,51.30,45308.12
2007-04,1639.46,593.83,2.9667028,182.132,14402.082,4.93,4.69,4.87,4.59,91.074,92.163,148.289993,0.07,0.02,0,4.5,29.4,51.98,45952.67
2007-05,1651.02,601.46,2.783324,181.886,14402.082,4.91,4.75,4.9,4.67,91.339,92.272,153.320007,0.01,-0.02,0,4.4,29.4,54.10,47286.52
2007-06,1629.64,605.61,2.6305791,181.542,14402.082,4.96,5.1,5.2,5.03,91.532,92.424,150.429993,-0.02,0.12,0,4.6,29.4,56.20,49653.17
2007-07,1627.38,595.76,2.5346411,180.995,14564.117,4.96,5.0,5.11,4.88,91.672,92.563,145.720001,0.16,0.18,0,4.7,29.5,55.09,48582.56
2007-08,1632.61,574.83,2.4685402,180.237,14564.117,4.47,4.67,4.93,4.43,91.734,92.701,147.589996,0.20,0.36,0,4.6,29.5,53.50,45922.09
2007-09,1648.10,583.48,2.4838823,179.12400000000002,14564.117,4.14,4.52,4.79,4.2,92.088,92.954,152.580002,0.39,0.51,0,4.7,29.5,53.93,46450.70
2007-10,1659.58,597.89,2.5033248,177.53099999999998,14715.058,4.1,4.53,4.77,4.2,92.367,93.196,154.649994,0.54,0.56,0,4.7,29.2,56.66,48350.54
2007-11,1684.13,600.21,2.6563697,175.16299999999998,14715.058,3.5,4.15,4.52,3.67,92.856,93.379,148.660004,0.59,0.81,0,4.7,29.2,55.58,47001.62
2007-12,1690.08,589.05,2.7127336,173.34,14715.058,3.26,4.1,4.53,3.49,93.072,93.567,146.210007,0.93,0.98,0,5.0,29.2,54.48,45394.52
2008-01,1689.14,590.78,2.7470404,171.08,14706.538,2.71,3.74,4.33,2.98,93.307,93.753,137.369995,0.99,1.26,0,5.0,29.1,54.16,45109.41
2008-02,1714.48,584.21,2.6165653,169.19400000000002,14706.538,2.05,3.74,4.52,2.78,93.492,93.844,133.820007,1.53,1.77,0,4.9,29.1,51.56,43373.09
2008-03,1710.33,575.83,2.6887664,167.907,14706.538,1.54,3.51,4.39,2.48,93.76,94.028,131.970001,1.88,1.89,0,5.1,29.1,49.33,41219.86
2008-04,1676.89,573.82,2.7251103,167.325,14865.701,1.74,3.68,4.44,2.84,93.934,94.083,138.259995,1.77,1.63,0,5.0,28.9,50.62,42102.44
2008-05,1700.15,597.98,2.7937419,167.023,14865.701,2.06,3.88,4.6,3.15,94.337,94.255,140.350006,1.41,1.43,0,5.4,28.9,52.28,43588.04
2008-06,1681.84,599.26,2.9376962,166.54,14865.701,2.42,4.1,4.69,3.49,95.021,94.471,127.980003,1.40,1.33,0,5.6,28.9,52.53,44651.01
2008-07,1671.81,580.45,3.0142542,165.717,14898.999,2.28,4.01,4.57,3.3,95.463,94.641,126.830002,1.38,1.44,0,5.8,28.6,48.36,40948.81
2008-08,1664.52,572.03,3.0845059,164.28099999999998,14898.999,2.18,3.89,4.5,3.14,95.386,94.757,128.789993,1.46,1.47,0,6.1,28.6,47.61,41418.60
2008-09,1672.91,575.86,3.0766785,161.916,14898.999,1.91,3.69,4.27,2.88,95.465,94.854,115.989998,1.47,1.61,0,6.1,28.6,48.58,42722.46
2008-10,1552.06,523.97,2.9291949,159.166,14608.208,1.42,3.81,4.17,2.73,94.835,94.719,96.830002,1.95,2.2,0,6.5,27.1,43.79,38132.71
2008-11,1435.49,441.90,2.7864624,156.07299999999998,14608.208,1.07,3.53,4.0,2.29,93.716,94.677,90.089996,2.45,2.32,0,6.8,27.1,36.28,30241.71
2008-12,1507.20,403.40,2.6304305,152.545,14608.208,0.49,2.42,2.87,1.52,93.192,94.631,90.239998,1.82,1.6,0,7.3,27.1,30.28,23674.89
2009-01,1573.98,434.88,2.5522481,149.362,14430.901,0.44,2.52,3.13,1.6,93.203,94.602,82.830002,1.49,1.71,0,7.8,26.9,33.94,28075.97
2009-02,1579.22,457.96,2.5594949,147.61700000000002,14430.901,0.62,2.87,3.59,1.87,93.369,94.677,73.93,1.93,1.89,0,8.3,26.9,31.17,25473.81
2009-03,1554.62,442.09,2.4535819,146.514,14430.901,0.64,2.82,3.64,1.82,93.267,94.745,79.519997,2.02,1.89,0,8.7,26.9,28.05,22504.50
2009-04,1554.89,455.81,2.3761457,146.94299999999998,14381.236,0.55,2.93,3.76,1.86,93.401,94.957,87.419998,1.85,2.0,0,9.0,27.2,31.00,25028.77
2009-05,1601.94,511.06,2.2888288,148.17,14381.236,0.5,3.29,4.23,2.13,93.498,95.03,92.529999,2.29,2.36,0,9.4,27.2,33.89,29514.26
2009-06,1654.34,547.73,2.0898948,149.797,14381.236,0.51,3.72,4.52,2.71,94.053,95.151,91.949997,2.74,2.54,0,9.5,27.2,36.49,32025.42
2009-07,1719.17,564.20,1.9228669,150.748,14448.882,0.48,3.56,4.41,2.46,94.063,95.233,98.809998,2.50,2.54,0,9.5,28.1,35.83,31552.90
2009-08,1787.09,597.39,1.7701932,150.666,14448.882,0.46,3.59,4.37,2.57,94.336,95.374,102.459999,2.39,2.47,0,9.6,28.1,38.42,34210.04
2009-09,1827.01,609.31,1.6158958,149.625,14448.882,0.4,3.4,4.19,2.37,94.489,95.541,105.589996,2.46,2.44,0,9.8,28.1,38.90,34893.14
2009-10,1871.05,644.59,1.5209969,148.583,14651.248,0.37,3.39,4.19,2.33,94.847,95.893,103.559998,2.34,2.44,0,10.0,27.5,40.35,36828.21
2009-11,1877.52,657.50,1.3714917,147.938,14651.248,0.31,3.4,4.31,2.23,95.084,95.978,109.940002,2.51,2.6,0,9.9,27.5,40.39,35557.21
2009-12,1897.36,664.64,1.3248615,146.665,14651.248,0.37,3.59,4.49,2.34,95.14,96.06,111.440002,2.61,2.72,0,9.9,27.5,43.22,37403.67
2010-01,1885.00,684.98,1.1770019,145.003,14764.611,0.35,3.73,4.6,2.48,95.348,96.201,107.389999,2.71,2.8,0,9.8,28.2,43.92,39808.53
2010-02,1916.06,694.60,1.0548474,143.055,14764.611,0.35,3.69,4.62,2.36,95.345,96.285,110.739998,2.82,2.83,0,9.8,28.2,43.03,39017.99
2010-03,1926.96,697.68,0.93183853,143.596,14764.611,0.4,3.73,4.64,2.43,95.48,96.429,117.0,2.81,2.77,0,9.9,28.2,44.42,41192.01
2010-04,1935.17,718.00,0.87602978,145.401,14980.193,0.45,3.85,4.69,2.58,95.532,96.478,118.809998,2.84,2.79,0,9.9,28.1,47.03,44056.83
2010-05,1970.81,734.08,0.7998678,147.036,14980.193,0.37,3.42,4.29,2.18,95.562,96.585,109.370003,2.72,2.59,0,9.6,28.1,47.70,46179.40
2010-06,1958.74,706.95,0.78483473,147.701,14980.193,0.32,3.2,4.13,2.0,95.522,96.632,103.220001,2.51,2.48,0,9.4,28.1,43.08,41303.98
2010-07,2002.22,716.53,0.74959322,147.562,15141.605,0.29,3.01,3.99,1.76,95.604,96.633,110.269997,2.33,2.39,0,9.4,28.4,41.37,39135.46
2010-08,2040.80,742.33,0.69562861,146.42600000000002,15141.605,0.26,2.7,3.8,1.47,95.735,96.726,105.309998,2.39,2.18,0,9.5,28.4,44.45,42141.81
2010-09,2073.68,744.60,0.6676136,144.607,15141.605,0.26,2.65,3.77,1.41,95.83,96.781,114.129997,2.08,2.17,0,9.5,28.4,43.65,40789.08
2010-10,2097.01,767.00,0.67526624,143.129,15309.471,0.23,2.54,3.87,1.18,96.135,96.928,118.489998,2.12,2.16,0,9.4,28.4,46.57,44310.77
2010-11,2101.00,784.27,0.82600201,141.821,15309.471,0.25,2.76,4.19,1.35,96.327,97.054,118.489998,2.32,2.31,0,9.8,28.4,48.24,45671.96
2010-12,2066.83,776.71,0.83710132,140.635,15309.471,0.29,3.29,4.42,1.93,96.545,97.074,125.75,2.44,2.67,0,9.3,28.4,49.54,48532.57
2011-01,2064.45,789.04,0.96003713,139.047,15351.444,0.27,3.39,4.52,1.99,96.835,97.283,128.679993,2.69,2.78,0,9.1,29.1,51.77,51327.71
2011-02,2064.40,806.39,1.1238816,137.744,15351.444,0.29,3.58,4.65,2.26,97.105,97.453,133.149994,2.87,2.81,0,9.0,29.1,53.71,52766.09
2011-03,2084.91,817.36,1.1861014,137.795,15351.444,0.26,3.41,4.51,2.11,97.496,97.6,132.589996,2.75,2.71,0,9.0,29.1,53.81,53467.40
2011-04,2085.65,821.12,1.21555,139.16299999999998,15557.535,0.25,3.46,4.5,2.17,97.908,97.824,136.429993,2.66,2.73,0,9.1,29.3,55.16,55981.80
2011-05,2119.97,832.29,1.2613949,140.695,15557.535,0.19,3.17,4.29,1.84,98.206,98.057,134.899994,2.71,2.61,0,9.0,29.3,56.47,57184.48
2011-06,2158.68,836.88,1.2990532,141.947,15557.535,0.18,3.0,4.23,1.58,98.186,98.164,131.970001,2.52,2.59,0,9.1,29.3,54.47,54535.99
2011-07,2130.81,829.13,1.4236275,142.343,15647.681,0.19,3.0,4.27,1.54,98.353,98.309,129.330002,2.72,2.59,0,9.0,29.0,55.62,55960.91
2011-08,2188.84,838.41,1.6569751,141.786,15647.681,0.11,2.3,3.65,1.02,98.584,98.505,122.220001,2.39,2.07,0,9.0,29.0,53.40,52718.20
2011-09,2194.38,807.17,1.7268145,140.168,15647.681,0.1,1.98,3.18,0.9,98.723,98.572,113.150002,1.96,1.77,0,9.0,29.0,49.75,47384.54
2011-10,2180.66,775.67,1.8413647,138.409,15842.267,0.11,2.15,3.13,1.06,98.725,98.619,125.5,1.67,1.87,0,8.8,28.8,46.52,43145.23
2011-11,2229.78,815.17,1.8407168,136.664,15842.267,0.11,2.01,3.02,0.91,98.928,98.828,124.989998,1.78,1.76,0,8.6,28.8,50.36,48027.56
2011-12,2174.01,806.35,2.0478499,135.166,15842.267,0.12,1.98,2.98,0.89,98.984,98.992,125.5,1.84,1.72,0,8.5,28.8,51.53,49057.41
2012-01,2219.45,823.62,2.1159285,134.168,16068.824,0.12,1.97,3.03,0.84,99.323,99.288,131.320007,1.64,1.73,0,8.3,29.4,52.08,49583.00
2012-02,2264.21,848.97,2.0181912,133.999,16068.824,0.16,1.97,3.11,0.83,99.545,99.426,137.020004,1.64,1.69,0,8.3,29.4,55.31,54169.12
2012-03,2282.53,867.29,2.1247577,135.87,16068.824,0.19,2.17,3.28,1.02,99.735,99.595,140.809998,1.73,1.83,0,8.2,29.4,57.42,55184.19
2012-04,2273.65,866.03,2.1937928,138.47799999999998,16207.13,0.18,2.05,3.18,0.89,99.866,99.746,139.869995,1.90,1.76,0,8.2,29.5,58.73,56183.96
2012-05,2299.10,877.03,2.1896843,141.054,16207.13,0.19,1.8,2.93,0.76,99.754,99.847,131.470001,1.71,1.51,0,8.2,29.5,58.62,55696.15
2012-06,2324.17,860.25,2.2407468,143.172,16207.13,0.19,1.62,2.7,0.71,99.704,99.95,136.100006,1.22,1.33,0,8.2,29.5,53.29,50235.13
2012-07,2327.55,881.89,2.2616531,144.281,16319.54,0.19,1.53,2.59,0.62,99.74,100.053,137.710007,1.34,1.28,0,8.2,29.6,56.86,54313.49
2012-08,2388.22,899.86,2.1718632,144.704,16319.54,0.18,1.68,2.77,0.71,100.075,100.116,141.160004,1.32,1.41,0,8.1,29.6,57.09,52978.19
2012-09,2402.45,909.63,2.2199385,144.357,16319.54,0.18,1.72,2.88,0.67,100.379,100.24,143.970001,1.35,1.46,0,7.8,29.6,58.76,55615.87
2012-10,2424.10,923.77,2.2070705,143.969,16420.386,0.18,1.75,2.9,0.71,100.677,100.482,141.350006,1.39,1.47,0,7.8,29.7,60.45,57209.44
2012-11,2447.23,931.32,2.1959869,143.963,16420.386,0.18,1.65,2.8,0.67,100.609,100.591,142.149994,1.45,1.38,0,7.7,29.7,59.99,57203.39
2012-12,2450.04,937.10,2.1097305,143.871,16420.386,0.16,1.72,2.88,0.7,100.593,100.664,142.410004,1.37,1.46,0,7.9,29.7,59.77,57060.19
2013-01,2449.56,951.96,2.0682971,144.315,16629.05,0.15,1.91,3.08,0.81,100.787,100.871,149.699997,1.53,1.64,0,8.0,30.0,60.47,58885.47
2013-02,2428.75,965.48,2.146017,145.164,16629.05,0.16,1.98,3.17,0.85,101.156,100.992,151.610001,1.77,1.71,0,7.7,30.0,64.51,63282.42
2013-03,2452.96,969.66,2.0999025,147.964,16629.05,0.15,1.96,3.16,0.82,101.023,101.085,156.669998,1.61,1.7,0,7.5,30.0,64.86,63646.24
2013-04,2453.94,980.02,1.9354319,150.974,16699.551,0.12,1.76,2.93,0.71,100.944,101.163,159.679993,1.63,1.53,0,7.6,30.0,66.90,65825.83
2013-05,2498.94,1000.04,1.907797,153.86700000000002,16699.551,0.12,1.93,3.11,0.84,101.01,101.272,163.449997,1.46,1.68,0,7.5,30.0,67.68,65063.39
2013-06,2435.61,992.41,1.8766189,156.436,16699.551,0.14,2.3,3.4,1.2,101.228,101.438,160.419998,1.86,1.97,0,7.5,30.0,70.00,69049.34
2013-07,2369.99,967.60,1.867879,158.297,16911.068,0.12,2.58,3.61,1.4,101.354,101.567,168.710007,2.16,2.24,0,7.3,29.9,69.69,69415.15
2013-08,2370.81,984.13,1.9142202,159.405,16911.068,0.13,2.74,3.76,1.52,101.51,101.685,163.649994,2.39,2.38,0,7.2,29.9,73.93,74375.37
2013-09,2367.56,977.48,1.8904211,159.68200000000002,16911.068,0.12,2.81,3.79,1.6,101.55,101.799,168.009995,2.39,2.41,0,7.2,29.9,70.91,70913.70
2013-10,2386.32,988.78,1.8687356,159.563,17133.114,0.12,2.62,3.68,1.37,101.722,102.015,175.789993,2.33,2.28,0,7.2,29.9,74.27,76043.96
2013-11,2416.27,1012.39,1.8930866,159.368,17133.114,0.12,2.72,3.8,1.37,101.881,102.194,181.0,2.32,2.42,0,6.9,29.9,76.83,77346.40
2013-12,2418.24,1017.01,1.8711904,159.286,17133.114,0.13,2.9,3.89,1.58,102.084,102.333,184.690002,2.47,2.56,0,6.7,29.9,78.84,80151.42
2014-01,2413.90,1022.59,1.8218145,159.378,17144.281,0.12,2.86,3.77,1.65,102.278,102.426,178.179993,2.66,2.47,0,6.6,30.4,81.04,81855.82
2014-02,2456.97,1030.15,1.7891863,159.88299999999998,17144.281,0.12,2.71,3.66,1.52,102.338,102.489,186.289993,2.33,2.38,0,6.7,30.4,78.65,79938.88
2014-03,2483.93,1050.80,1.8208567,161.2,17144.281,0.13,2.72,3.62,1.64,102.543,102.684,187.009995,2.33,2.32,0,6.7,30.4,82.29,84060.84
2014-04,2482.98,1054.03,2.0251612,162.98,17462.703,0.11,2.71,3.52,1.7,102.742,102.879,188.309998,2.33,2.29,0,6.2,30.5,83.34,84972.15
2014-05,2522.30,1061.01,2.1282345,164.69299999999998,17462.703,0.1,2.56,3.39,1.59,102.919,103.061,192.679993,2.22,2.17,0,6.3,30.5,82.63,81676.62
2014-06,2553.13,1071.20,2.1433409,166.22,17462.703,0.1,2.6,3.42,1.68,103.035,103.18,195.720001,2.11,2.15,0,6.1,30.5,84.35,82351.81
2014-07,2549.71,1080.59,2.1008094,167.142,17743.227,0.11,2.54,3.33,1.7,103.19,103.369,193.089996,2.11,2.03,0,6.2,30.6,87.23,87341.60
2014-08,2557.89,1060.25,1.9625042,167.456,17743.227,0.11,2.42,3.2,1.63,103.177,103.408,200.710007,2.05,1.95,0,6.1,30.6,84.57,81664.59
2014-09,2591.15,1082.37,1.954047,167.24900000000002,17743.227,0.11,2.53,3.26,1.77,103.203,103.536,197.020004,1.87,1.96,0,5.9,30.6,88.44,85978.64
2014-10,2573.09,1061.15,2.0060187,166.918,17852.54,0.1,2.3,3.04,1.55,103.177,103.629,201.660004,1.89,1.85,0,5.7,30.7,85.41,80043.14
2014-11,2582.52,1071.53,2.0043657,166.667,17852.54,0.13,2.33,3.04,1.62,103.098,103.74,207.199997,1.85,1.8,0,5.8,30.7,88.77,85387.51
2014-12,2592.10,1056.53,1.9711259,166.47299999999998,17852.54,0.21,2.21,2.83,1.64,102.94,103.837,205.539993,1.73,1.57,0,5.6,30.7,90.07,84584.30
2015-01,2595.28,1048.18,1.985653,166.27,17991.348,0.2,1.88,2.46,1.37,102.465,103.816,199.449997,1.50,1.33,0,5.7,30.9,90.82,87423.33
2015-02,2666.40,1055.41,1.9819969,166.657,17991.348,0.22,1.98,2.57,1.47,102.634,103.92,210.660004,1.21,1.36,0,5.5,30.9,88.36,85071.00
2015-03,2644.11,1080.59,1.9991371,168.113,17991.348,0.25,2.04,2.63,1.52,102.831,104.08,206.429993,1.37,1.4,0,5.4,30.9,93.39,90216.78
2015-04,2664.65,1075.08,2.0631236,169.988,18193.707,0.23,1.94,2.59,1.35,102.91,104.256,208.460007,1.32,1.4,0,5.4,31.1,92.11,91284.56
2015-05,2628.02,1087.92,2.0668869,171.864,18193.707,0.24,2.2,2.96,1.54,103.156,104.385,211.139999,1.52,1.59,0,5.6,31.1,93.79,90406.21
2015-06,2609.65,1090.63,2.1147326,173.463,18193.707,0.28,2.36,3.11,1.68,103.356,104.511,205.850006,1.55,1.67,0,5.3,31.1,94.22,91385.87
2015-07,2572.06,1076.56,2.1414477,174.507,18306.96,0.3,2.32,3.07,1.63,103.441,104.603,210.5,1.74,1.65,0,5.2,30.9,92.98,91179.75
2015-08,2597.28,1067.71,2.1802398,174.951,18306.96,0.38,2.17,2.86,1.54,103.442,104.679,197.669998,1.53,1.47,0,5.1,30.9,93.96,89984.27
2015-09,2582.51,1047.63,2.279431,175.062,18306.96,0.37,2.17,2.95,1.49,103.289,104.814,191.630005,1.47,1.46,0,5.0,30.9,85.79,82662.54
2015-10,2594.44,1019.63,2.3462109,175.071,18332.079,0.26,2.07,2.89,1.39,103.274,104.829,207.929993,1.41,1.43,0,5.0,30.8,85.73,80951.61
2015-11,2607.28,1049.54,2.4052606,175.168,18332.079,0.48,2.26,3.03,1.67,103.337,104.94,208.690002,1.41,1.38,0,5.1,30.8,92.18,85584.71
2015-12,2611.72,1028.38,2.4436874,175.145,18332.079,0.65,2.24,2.97,1.7,103.253,105.009,203.869995,1.24,1.26,0,5.0,30.8,93.44,87936.46
2016-01,2578.89,999.52,2.4667222,175.065,18425.306,0.54,2.09,2.86,1.52,103.306,105.204,193.720001,1.21,1.19,0,4.8,31.0,90.61,83178.57
2016-02,2583.20,981.84,2.5442092,175.30900000000003,18425.306,0.53,1.78,2.62,1.22,103.242,105.369,193.559998,1.16,1.05,0,4.9,31.0,85.36,76531.57
2016-03,2599.63,996.56,2.531878,176.62900000000002,18425.306,0.66,1.89,2.68,1.38,103.481,105.521,205.520004,0.98,1.01,0,5.0,31.0,87.33,78854.75
2016-04,2679.95,1031.84,2.537996,178.521,18611.617,0.56,1.81,2.62,1.26,103.823,105.786,206.330002,1.03,1.04,0,5.1,31.2,91.86,84015.75
2016-05,2716.51,1073.20,2.5711572,180.368,18611.617,0.59,1.81,2.63,1.3,103.977,105.948,209.839996,1.06,0.99,0,4.8,31.2,92.12,85732.40
2016-06,2713.39,1078.80,2.5689022,181.94,18611.617,0.55,1.64,2.45,1.17,104.175,106.077,209.479996,0.94,0.91,0,4.9,31.2,93.94,87752.13
2016-07,2783.38,1096.84,2.5758512,183.042,18775.459,0.51,1.5,2.23,1.07,104.218,106.257,217.119995,0.87,0.83,0,4.8,31.1,94.18,87714.11
2016-08,2806.93,1119.73,2.7228064,183.68,18775.459,0.57,1.56,2.26,1.13,104.374,106.456,217.380005,0.84,0.82,0,4.9,31.1,97.51,92024.81
2016-09,2821.82,1144.54,2.6321032,183.972,18775.459,0.59,1.63,2.35,1.18,104.555,106.579,216.300003,0.79,0.86,0,5.0,31.1,98.03,93350.11
2016-10,2813.72,1152.62,2.5095184,184.05,18968.041,0.66,1.76,2.5,1.27,104.786,106.737,212.550003,0.83,0.92,0,4.9,30.8,98.21,94013.22
2016-11,2792.06,1151.57,2.5258013,184.265,18968.041,0.74,2.14,2.86,1.6,104.826,106.789,220.380005,1.00,1.16,1.59,4.7,30.8,95.41,88997.60
2016-12,2705.68,1151.78,2.5949445,184.439,18968.041,0.87,2.49,3.11,1.96,105.017,106.929,223.529999,1.31,1.29,1.81,4.7,30.8,100.05,99111.27
2017-01,2732.66,1174.32,2.6496846,184.694,19153.912,0.83,2.43,3.02,1.92,105.41,107.204,227.529999,1.25,1.22,1.84,4.7,31.0,102.42,101817.27
2017-02,2739.82,1191.5,2.6612879,185.064,19153.912,0.82,2.42,3.03,1.9,105.502,107.357,236.470001,1.26,1.22,1.92,4.6,31.0,104.47,102425.28
2017-03,2758.27,1211.78,2.4553555,186.565,19153.912,1.01,2.48,3.08,2.01,105.448,107.307,235.740005,1.17,1.17,1.84,4.4,31.0,109.63,106149.90
2017-04,2771.49,1206.12,2.2671184,188.567,19322.92,1.04,2.3,2.94,1.82,105.732,107.587,238.080002,1.13,1.06,1.77,4.5,30.9,108.27,104122.87
2017-05,2791.28,1219.94,2.1578632,190.562,19322.92,1.12,2.3,2.96,1.84,105.703,107.699,241.440002,1.05,1.0,1.80,4.4,30.9,109.71,105579.66
2017-06,2828.96,1232.08,2.1463125,192.299,19322.92,1.2,2.19,2.8,1.77,105.818,107.876,241.800003,0.93,0.85,1.73,4.3,30.9,111.53,104676.50
2017-07,2838.63,1231.98,2.1558965,193.553,19558.693,1.22,2.32,2.88,1.87,105.844,107.944,246.770004,0.93,0.95,1.63,4.3,30.9,111.48,105841.34
2017-08,2868.47,1247.44,2.1003254,194.393,19558.693,1.23,2.21,2.8,1.78,106.074,108.058,247.490005,0.92,0.87,1.62,4.4,30.9,113.90,107188.35
2017-09,2877.77,1246.5,2.1132371,194.867,19558.693,1.28,2.2,2.78,1.8,106.52,108.267,251.229996,0.81,0.82,1.63,4.2,30.9,114.08,106099.83
2017-10,2877.48,1257.06,2.193075,195.134,19882.965,1.4,2.36,2.88,1.98,106.692,108.546,257.149994,0.86,0.81,1.68,4.1,31.0,116.50,111543.71
2017-11,2889.27,1262.59,2.1044767,195.502,19882.965,1.56,2.35,2.8,2.05,106.88,108.601,265.01001,0.76,0.65,1.71,4.2,31.0,119.04,111821.21
2017-12,2896.61,1258.69,2.1090863,195.898,19882.965,1.7,2.4,2.77,2.18,106.995,108.769,266.859985,0.59,0.56,1.72,4.1,31.0,122.32,115163.30
2018-01,2909.64,1262.20,2.1437735,196.163,20143.716,1.8,2.58,2.88,2.38,107.354,109.06,281.899994,0.51,0.55,1.86,4.0,31.0,123.92,115515.72
2018-02,2874.64,1268.84,2.114697,196.949,20143.716,1.96,2.86,3.13,2.6,107.574,109.273,271.649994,0.62,0.68,1.93,4.1,31.0,130.56,118580.76
2018-03,2844.47,1255.92,2.3630308,198.615,20143.716,2.06,2.84,3.09,2.63,107.744,109.542,263.149994,0.59,0.56,2.03,4.0,31.0,124.22,112904.94
2018-04,2845.72,1250.68,2.5075722,200.655,20492.492,2.15,2.87,3.07,2.7,108.008,109.752,264.51001,0.47,0.49,1.92,4.0,30.9,123.05,114668.71
2018-05,2812.07,1257.31,2.5592547,202.492,20492.492,2.27,2.98,3.13,2.82,108.203,109.969,270.940002,0.47,0.47,2.09,3.8,30.9,124.03,116448.48
2018-06,2822.76,1259.86,2.5759577,204.083,20492.492,2.33,2.91,3.05,2.78,108.341,110.106,271.279999,0.42,0.38,2.06,4.0,30.9,128.49,123515.67
2018-07,2818.89,1263.15,2.5377803,204.99,20659.102,2.39,2.89,3.01,2.78,108.427,110.238,281.329987,0.33,0.28,2.06,3.8,31.0,128.11,123698.05
2018-08,2833.24,1277.58,2.4274814,205.368,20659.102,2.45,2.89,3.04,2.77,108.491,110.247,290.309998,0.33,0.25,2.0,3.8,31.0,132.18,125645.74
2018-09,2855.22,1286.52,2.4787682,205.416,20659.102,2.56,3.0,3.15,2.89,108.72,110.475,290.720001,0.24,0.23,1.98,3.7,31.0,137.04,131145.36
2018-10,2841.20,1296.37,2.431364,205.415,20813.325,2.65,3.15,3.34,3.0,108.947,110.641,270.630005,0.27,0.29,2.04,3.8,30.3,137.35,126692.96
2018-11,2808.70,1273.61,2.4682051,205.155,20813.325,2.7,3.12,3.36,2.95,109.023,110.838,275.649994,0.3,0.26,1.88,3.8,30.3,128.57,117318.42
2018-12,2802.12,1261.25,2.4323709,204.752,20813.325,2.66,2.83,3.1,2.68,108.99,111.006,249.919998,0.21,0.15,1.77,3.9,30.3,129.40,116810.29
2019-01,2844.18,1233.61,2.3499511,204.268,21001.591,2.58,2.71,3.04,2.54,108.93,111.06,269.929993,0.21,0.17,1.51,4.0,30.7,117.37,102999.13
2019-02,2900.19,1291.82,2.343815,204.505,21001.591,2.55,2.68,3.02,2.49,109.036,111.096,278.679993,0.18,0.18,1.72,3.8,30.7,127.93,115634.13
2019-03,2909.41,1312.64,2.3893211,205.846,21001.591,2.49,2.57,2.98,2.37,109.333,111.254,282.480011,0.21,0.16,1.85,3.8,30.7,133.12,122064.61
2019-04,2974.60,1327.39,2.4289302,207.746,21289.268,2.42,2.53,2.94,2.33,109.759,111.607,294.019989,0.16,0.19,1.82,3.7,30.7,135.63,120304.15
2019-05,3004.59,1344.07,2.4261713,209.407,21289.268,2.34,2.4,2.82,2.19,109.827,111.744,275.269989,0.21,0.19,1.83,3.7,30.7,138.40,121892.02
2019-06,3046.43,1326.37,2.4657546,210.652,21289.268,2.0,2.07,2.57,1.83,109.92,111.997,293.0,0.19,0.26,1.58,3.6,30.7,130.39,113679.09
2019-07,3113.58,1361.32,2.4819966,211.411,21505.012,1.96,2.06,2.57,1.83,110.074,112.15,297.429993,0.25,0.22,1.53,3.6,30.5,140.33,121778.92
2019-08,3158.50,1364.38,2.6119137,211.776,21505.012,1.77,1.63,2.12,1.49,110.133,112.289,292.450012,0.17,0.06,1.47,3.7,30.5,140.00,120616.89
2019-09,3232.16,1371.18,2.6140228,211.959,21505.012,1.8,1.7,2.16,1.57,110.215,112.367,296.769989,0.0,0.05,1.35,3.5,30.5,138.21,116744.07
2019-10,3218.16,1374.59,2.7512432,212.054,21694.458,1.61,1.71,2.19,1.53,110.479,112.54,303.329987,0.09,0.16,1.33,3.6,30.8,138.59,116911.20
2019-11,3226.78,1380.55,2.763479,212.196,21694.458,1.57,1.81,2.28,1.64,110.568,112.576,314.309998,0.17,0.2,1.5,3.6,30.8,144.81,123570.64
2019-12,3238.82,1382.49,2.7182286,212.325,21694.458,1.55,1.86,2.3,1.68,110.789,112.824,321.859985,0.17,0.25,1.5,3.6,30.8,148.62,126202.29
2020-01,3249.02,1411.39,2.7800528,212.473,21481.367,1.53,1.76,2.22,1.56,111.002,113.04,321.730011,0.34,0.24,1.68,3.5,29.7,152.86,129998.74
2020-02,3326.21,1411.45,2.7884619,213.287,21481.367,1.41,1.5,1.97,1.32,111.071,113.215,296.26001,0.18,0.17,1.6,3.5,29.7,152.82,126276.29
2020-03,3369.13,1389.57,2.6198965,215.268,21481.367,0.33,0.87,1.46,0.59,110.802,113.15,257.75,0.27,0.42,1.33,4.4,29.7,140.48,115392.09
2020-04,3122.70,1210.31,2.2117674,217.33,19477.444,0.18,0.66,1.27,0.39,110.213,112.628,290.480011,0.39,0.44,0.56,14.8,30.4,115.46,83249.00
2020-05,3275.74,1269.22,2.0694436,218.58900000000003,19477.444,0.16,0.67,1.38,0.34,110.385,112.864,304.320007,0.44,0.5,0.68,13.3,30.4,133.32,98196.91
2020-06,3337.70,1334.90,2.0605407,219.916,19477.444,0.18,0.73,1.49,0.34,110.918,113.265,308.359985,0.52,0.55,0.84,11.1,30.4,145.82,110039.63
2020-07,3409.53,1348.00,2.3446327,221.674,21138.574,0.15,0.62,1.31,0.28,111.221,113.61,326.519989,0.52,0.47,1.17,10.2,30.8,149.18,111128.64
2020-08,3513.67,1408.17,2.2677798,224.154,21138.574,0.13,0.65,1.36,0.27,111.563,113.971,349.309998,0.44,0.51,1.4,8.4,30.8,156.91,115922.01
2020-09,3484.07,1423.72,2.0668792,226.91,21138.574,0.13,0.68,1.42,0.27,111.736,114.131,334.890015,0.55,0.55,1.65,7.8,30.8,170.08,122115.37
2020-10,3465.70,1409.46,1.834483,229.921,21477.597,0.13,0.79,1.57,0.34,111.775,114.137,326.540009,0.54,0.64,1.48,6.9,31.6,163.86,118302.53
2020-11,3458.00,1413.79,1.7784562,232.423,21477.597,0.12,0.87,1.62,0.39,111.79,114.134,362.059998,0.74,0.7,1.59,6.7,31.6,159.09,119143.56
2020-12,3534.57,1473.67,1.6808715,234.474,21477.597,0.1,0.93,1.67,0.39,112.22,114.494,373.880005,0.75,0.79,1.72,6.7,31.6,180.57,142348.15
2021-01,3567.63,1498.42,1.4932401,236.456,22038.226,0.1,1.08,1.82,0.45,112.57,114.746,370.070007,0.8,0.95,1.95,6.3,32.0,186.76,152641.60
2021-02,3527.06,1505.01,1.5015,239.212,22038.226,0.07,1.26,2.04,0.54,112.878,114.899,380.359985,0.98,1.14,2.18,6.2,32.0,189.87,163385.09
2021-03,3455.03,1512.41,1.672912096,244.202,22038.226,0.08,1.61,2.34,0.82,113.518,115.383,396.329987,1.32,1.46,2.4,6.0,32.0,197.07,175794.66
2021-04,3430.06,1514.81,2.272561101,249.87,22740.959,0.06,1.64,2.3,0.86,114.161,116.1,417.299988,1.52,1.47,2.55,6.1,32.3,200.84,176015.18
2021-05,3447.81,1528.55,2.615970373,255.526,22740.959,0.05,1.62,2.32,0.82,114.767,116.766,420.040009,1.49,1.47,2.57,5.8,32.3,208.55,178429.80
2021-06,3466.91,1533.95,2.604897976,261.062,22740.959,0.07,1.52,2.16,0.84,115.388,117.327,428.059998,1.46,1.32,2.6,5.9,32.3,209.55,181681.90
2021-07,3522.20,1555.48,2.351936102,265.464,23173.496,0.08,1.32,1.94,0.76,115.849,117.705,438.51001,1.23,1.1,2.49,5.4,32.3,215.98,182926.29
2021-08,3572.51,1559.44,2.370704651,268.616,23173.496,0.07,1.28,1.92,0.77,116.314,118.099,451.559998,1.05,1.06,2.56,5.2,32.3,218.02,176847.02
2021-09,3567.26,1568.98,2.66236186,268.616,23173.496,0.08,1.37,1.94,0.86,116.314,118.099,429.140015,1.11,1.13,2.48,4.8,32.3,224.72,181926.14
2021-10,3541.65,1568.23,2.66236186,268.616,23173.496,0.08,1.37,1.94,0.86,116.314,118.099,453.940002,1.21,1.13,2.51,4.8,32.3,216.91,179052.63
