DATE,FEDFUNDS,FEDDT,FEDD10Y,RESPPNTNWW,M1SL,TREAST,TREAS10Y,TREAS1T5,TREAS5T10,TREAS911Y,MBS10Y
1947-01,0.0,0.0,0.0,0.0,0.0,0.0,0.0,0.0,0.0,0.0,0.0
1947-04,0.0,0.0,0.0,0.0,0.0,0.0,0.0,0.0,0.0,0.0,0.0
1947-07,0.0,0.0,0.0,0.0,0.0,0.0,0.0,0.0,0.0,0.0,0.0
1947-10,0.0,0.0,0.0,0.0,0.0,0.0,0.0,0.0,0.0,0.0,0.0
1948-01,0.0,0.0,0.0,0.0,0.0,0.0,0.0,0.0,0.0,0.0,0.0
1948-02,0.0,0.0,0.0,0.0,0.0,0.0,0.0,0.0,0.0,0.0,0.0
1948-03,0.0,0.0,0.0,0.0,0.0,0.0,0.0,0.0,0.0,0.0,0.0
1948-04,0.0,0.0,0.0,0.0,0.0,0.0,0.0,0.0,0.0,0.0,0.0
1948-05,0.0,0.0,0.0,0.0,0.0,0.0,0.0,0.0,0.0,0.0,0.0
1948-06,0.0,0.0,0.0,0.0,0.0,0.0,0.0,0.0,0.0,0.0,0.0
1948-07,0.0,0.0,0.0,0.0,0.0,0.0,0.0,0.0,0.0,0.0,0.0
1948-08,0.0,0.0,0.0,0.0,0.0,0.0,0.0,0.0,0.0,0.0,0.0
1948-09,0.0,0.0,0.0,0.0,0.0,0.0,0.0,0.0,0.0,0.0,0.0
1948-10,0.0,0.0,0.0,0.0,0.0,0.0,0.0,0.0,0.0,0.0,0.0
1948-11,0.0,0.0,0.0,0.0,0.0,0.0,0.0,0.0,0.0,0.0,0.0
1948-12,0.0,0.0,0.0,0.0,0.0,0.0,0.0,0.0,0.0,0.0,0.0
1949-01,0.0,0.0,0.0,0.0,0.0,0.0,0.0,0.0,0.0,0.0,0.0
1949-02,0.0,0.0,0.0,0.0,0.0,0.0,0.0,0.0,0.0,0.0,0.0
1949-03,0.0,0.0,0.0,0.0,0.0,0.0,0.0,0.0,0.0,0.0,0.0
1949-04,0.0,0.0,0.0,0.0,0.0,0.0,0.0,0.0,0.0,0.0,0.0
1949-05,0.0,0.0,0.0,0.0,0.0,0.0,0.0,0.0,0.0,0.0,0.0
1949-06,0.0,0.0,0.0,0.0,0.0,0.0,0.0,0.0,0.0,0.0,0.0
1949-07,0.0,0.0,0.0,0.0,0.0,0.0,0.0,0.0,0.0,0.0,0.0
1949-08,0.0,0.0,0.0,0.0,0.0,0.0,0.0,0.0,0.0,0.0,0.0
1949-09,0.0,0.0,0.0,0.0,0.0,0.0,0.0,0.0,0.0,0.0,0.0
1949-10,0.0,0.0,0.0,0.0,0.0,0.0,0.0,0.0,0.0,0.0,0.0
1949-11,0.0,0.0,0.0,0.0,0.0,0.0,0.0,0.0,0.0,0.0,0.0
1949-12,0.0,0.0,0.0,0.0,0.0,0.0,0.0,0.0,0.0,0.0,0.0
1950-01,0.0,0.0,0.0,0.0,0.0,0.0,0.0,0.0,0.0,0.0,0.0
1950-02,0.0,0.0,0.0,0.0,0.0,0.0,0.0,0.0,0.0,0.0,0.0
1950-03,0.0,0.0,0.0,0.0,0.0,0.0,0.0,0.0,0.0,0.0,0.0
1950-04,0.0,0.0,0.0,0.0,0.0,0.0,0.0,0.0,0.0,0.0,0.0
1950-05,0.0,0.0,0.0,0.0,0.0,0.0,0.0,0.0,0.0,0.0,0.0
1950-06,0.0,0.0,0.0,0.0,0.0,0.0,0.0,0.0,0.0,0.0,0.0
1950-07,0.0,0.0,0.0,0.0,0.0,0.0,0.0,0.0,0.0,0.0,0.0
1950-08,0.0,0.0,0.0,0.0,0.0,0.0,0.0,0.0,0.0,0.0,0.0
1950-09,0.0,0.0,0.0,0.0,0.0,0.0,0.0,0.0,0.0,0.0,0.0
1950-10,0.0,0.0,0.0,0.0,0.0,0.0,0.0,0.0,0.0,0.0,0.0
1950-11,0.0,0.0,0.0,0.0,0.0,0.0,0.0,0.0,0.0,0.0,0.0
1950-12,0.0,0.0,0.0,0.0,0.0,0.0,0.0,0.0,0.0,0.0,0.0
1951-01,0.0,0.0,0.0,0.0,0.0,0.0,0.0,0.0,0.0,0.0,0.0
1951-02,0.0,0.0,0.0,0.0,0.0,0.0,0.0,0.0,0.0,0.0,0.0
1951-03,0.0,0.0,0.0,0.0,0.0,0.0,0.0,0.0,0.0,0.0,0.0
1951-04,0.0,0.0,0.0,0.0,0.0,0.0,0.0,0.0,0.0,0.0,0.0
1951-05,0.0,0.0,0.0,0.0,0.0,0.0,0.0,0.0,0.0,0.0,0.0
1951-06,0.0,0.0,0.0,0.0,0.0,0.0,0.0,0.0,0.0,0.0,0.0
1951-07,0.0,0.0,0.0,0.0,0.0,0.0,0.0,0.0,0.0,0.0,0.0
1951-08,0.0,0.0,0.0,0.0,0.0,0.0,0.0,0.0,0.0,0.0,0.0
1951-09,0.0,0.0,0.0,0.0,0.0,0.0,0.0,0.0,0.0,0.0,0.0
1951-10,0.0,0.0,0.0,0.0,0.0,0.0,0.0,0.0,0.0,0.0,0.0
1951-11,0.0,0.0,0.0,0.0,0.0,0.0,0.0,0.0,0.0,0.0,0.0
1951-12,0.0,0.0,0.0,0.0,0.0,0.0,0.0,0.0,0.0,0.0,0.0
1952-01,0.0,0.0,0.0,0.0,0.0,0.0,0.0,0.0,0.0,0.0,0.0
1952-02,0.0,0.0,0.0,0.0,0.0,0.0,0.0,0.0,0.0,0.0,0.0
1952-03,0.0,0.0,0.0,0.0,0.0,0.0,0.0,0.0,0.0,0.0,0.0
1952-04,0.0,0.0,0.0,0.0,0.0,0.0,0.0,0.0,0.0,0.0,0.0
1952-05,0.0,0.0,0.0,0.0,0.0,0.0,0.0,0.0,0.0,0.0,0.0
1952-06,0.0,0.0,0.0,0.0,0.0,0.0,0.0,0.0,0.0,0.0,0.0
1952-07,0.0,0.0,0.0,0.0,0.0,0.0,0.0,0.0,0.0,0.0,0.0
1952-08,0.0,0.0,0.0,0.0,0.0,0.0,0.0,0.0,0.0,0.0,0.0
1952-09,0.0,0.0,0.0,0.0,0.0,0.0,0.0,0.0,0.0,0.0,0.0
1952-10,0.0,0.0,0.0,0.0,0.0,0.0,0.0,0.0,0.0,0.0,0.0
1952-11,0.0,0.0,0.0,0.0,0.0,0.0,0.0,0.0,0.0,0.0,0.0
1952-12,0.0,0.0,0.0,0.0,0.0,0.0,0.0,0.0,0.0,0.0,0.0
1953-01,0.0,0.0,0.0,0.0,0.0,0.0,0.0,0.0,0.0,0.0,0.0
1953-02,0.0,0.0,0.0,0.0,0.0,0.0,0.0,0.0,0.0,0.0,0.0
1953-03,0.0,0.0,0.0,0.0,0.0,0.0,0.0,0.0,0.0,0.0,0.0
1953-04,0.0,0.0,0.0,0.0,0.0,0.0,0.0,0.0,0.0,0.0,0.0
1953-05,0.0,0.0,0.0,0.0,0.0,0.0,0.0,0.0,0.0,0.0,0.0
1953-06,0.0,0.0,0.0,0.0,0.0,0.0,0.0,0.0,0.0,0.0,0.0
1953-07,0.0,0.0,0.0,0.0,0.0,0.0,0.0,0.0,0.0,0.0,0.0
1953-08,0.0,0.0,0.0,0.0,0.0,0.0,0.0,0.0,0.0,0.0,0.0
1953-09,0.0,0.0,0.0,0.0,0.0,0.0,0.0,0.0,0.0,0.0,0.0
1953-10,0.0,0.0,0.0,0.0,0.0,0.0,0.0,0.0,0.0,0.0,0.0
1953-11,0.0,0.0,0.0,0.0,0.0,0.0,0.0,0.0,0.0,0.0,0.0
1953-12,0.0,0.0,0.0,0.0,0.0,0.0,0.0,0.0,0.0,0.0,0.0
1954-01,0.0,0.0,0.0,0.0,0.0,0.0,0.0,0.0,0.0,0.0,0.0
1954-02,0.0,0.0,0.0,0.0,0.0,0.0,0.0,0.0,0.0,0.0,0.0
1954-03,0.0,0.0,0.0,0.0,0.0,0.0,0.0,0.0,0.0,0.0,0.0
1954-04,0.0,0.0,0.0,0.0,0.0,0.0,0.0,0.0,0.0,0.0,0.0
1954-05,0.0,0.0,0.0,0.0,0.0,0.0,0.0,0.0,0.0,0.0,0.0
1954-06,0.0,0.0,0.0,0.0,0.0,0.0,0.0,0.0,0.0,0.0,0.0
1954-07,0.8,0.0,0.0,0.0,0.0,0.0,0.0,0.0,0.0,0.0,0.0
1954-08,1.22,0.0,0.0,0.0,0.0,0.0,0.0,0.0,0.0,0.0,0.0
1954-09,1.07,0.0,0.0,0.0,0.0,0.0,0.0,0.0,0.0,0.0,0.0
1954-10,0.85,0.0,0.0,0.0,0.0,0.0,0.0,0.0,0.0,0.0,0.0
1954-11,0.83,0.0,0.0,0.0,0.0,0.0,0.0,0.0,0.0,0.0,0.0
1954-12,1.28,0.0,0.0,0.0,0.0,0.0,0.0,0.0,0.0,0.0,0.0
1955-01,1.39,0.0,0.0,0.0,0.0,0.0,0.0,0.0,0.0,0.0,0.0
1955-02,1.29,0.0,0.0,0.0,0.0,0.0,0.0,0.0,0.0,0.0,0.0
1955-03,1.35,0.0,0.0,0.0,0.0,0.0,0.0,0.0,0.0,0.0,0.0
1955-04,1.43,0.0,0.0,0.0,0.0,0.0,0.0,0.0,0.0,0.0,0.0
1955-05,1.43,0.0,0.0,0.0,0.0,0.0,0.0,0.0,0.0,0.0,0.0
1955-06,1.64,0.0,0.0,0.0,0.0,0.0,0.0,0.0,0.0,0.0,0.0
1955-07,1.68,0.0,0.0,0.0,0.0,0.0,0.0,0.0,0.0,0.0,0.0
1955-08,1.96,0.0,0.0,0.0,0.0,0.0,0.0,0.0,0.0,0.0,0.0
1955-09,2.18,0.0,0.0,0.0,0.0,0.0,0.0,0.0,0.0,0.0,0.0
1955-10,2.24,0.0,0.0,0.0,0.0,0.0,0.0,0.0,0.0,0.0,0.0
1955-11,2.35,0.0,0.0,0.0,0.0,0.0,0.0,0.0,0.0,0.0,0.0
1955-12,2.48,0.0,0.0,0.0,0.0,0.0,0.0,0.0,0.0,0.0,0.0
1956-01,2.45,0.0,0.0,0.0,0.0,0.0,0.0,0.0,0.0,0.0,0.0
1956-02,2.5,0.0,0.0,0.0,0.0,0.0,0.0,0.0,0.0,0.0,0.0
1956-03,2.5,0.0,0.0,0.0,0.0,0.0,0.0,0.0,0.0,0.0,0.0
1956-04,2.62,0.0,0.0,0.0,0.0,0.0,0.0,0.0,0.0,0.0,0.0
1956-05,2.75,0.0,0.0,0.0,0.0,0.0,0.0,0.0,0.0,0.0,0.0
1956-06,2.71,0.0,0.0,0.0,0.0,0.0,0.0,0.0,0.0,0.0,0.0
1956-07,2.75,0.0,0.0,0.0,0.0,0.0,0.0,0.0,0.0,0.0,0.0
1956-08,2.73,0.0,0.0,0.0,0.0,0.0,0.0,0.0,0.0,0.0,0.0
1956-09,2.95,0.0,0.0,0.0,0.0,0.0,0.0,0.0,0.0,0.0,0.0
1956-10,2.96,0.0,0.0,0.0,0.0,0.0,0.0,0.0,0.0,0.0,0.0
1956-11,2.88,0.0,0.0,0.0,0.0,0.0,0.0,0.0,0.0,0.0,0.0
1956-12,2.94,0.0,0.0,0.0,0.0,0.0,0.0,0.0,0.0,0.0,0.0
1957-01,2.84,0.0,0.0,0.0,0.0,0.0,0.0,0.0,0.0,0.0,0.0
1957-02,3.0,0.0,0.0,0.0,0.0,0.0,0.0,0.0,0.0,0.0,0.0
1957-03,2.96,0.0,0.0,0.0,0.0,0.0,0.0,0.0,0.0,0.0,0.0
1957-04,3.0,0.0,0.0,0.0,0.0,0.0,0.0,0.0,0.0,0.0,0.0
1957-05,3.0,0.0,0.0,0.0,0.0,0.0,0.0,0.0,0.0,0.0,0.0
1957-06,3.0,0.0,0.0,0.0,0.0,0.0,0.0,0.0,0.0,0.0,0.0
1957-07,2.99,0.0,0.0,0.0,0.0,0.0,0.0,0.0,0.0,0.0,0.0
1957-08,3.24,0.0,0.0,0.0,0.0,0.0,0.0,0.0,0.0,0.0,0.0
1957-09,3.47,0.0,0.0,0.0,0.0,0.0,0.0,0.0,0.0,0.0,0.0
1957-10,3.5,0.0,0.0,0.0,0.0,0.0,0.0,0.0,0.0,0.0,0.0
1957-11,3.28,0.0,0.0,0.0,0.0,0.0,0.0,0.0,0.0,0.0,0.0
1957-12,2.98,0.0,0.0,0.0,0.0,0.0,0.0,0.0,0.0,0.0,0.0
1958-01,2.72,0.0,0.0,0.0,0.0,0.0,0.0,0.0,0.0,0.0,0.0
1958-02,1.67,0.0,0.0,0.0,0.0,0.0,0.0,0.0,0.0,0.0,0.0
1958-03,1.2,0.0,0.0,0.0,0.0,0.0,0.0,0.0,0.0,0.0,0.0
1958-04,1.26,0.0,0.0,0.0,0.0,0.0,0.0,0.0,0.0,0.0,0.0
1958-05,0.63,0.0,0.0,0.0,0.0,0.0,0.0,0.0,0.0,0.0,0.0
1958-06,0.93,0.0,0.0,0.0,0.0,0.0,0.0,0.0,0.0,0.0,0.0
1958-07,0.68,0.0,0.0,0.0,0.0,0.0,0.0,0.0,0.0,0.0,0.0
1958-08,1.53,0.0,0.0,0.0,0.0,0.0,0.0,0.0,0.0,0.0,0.0
1958-09,1.76,0.0,0.0,0.0,0.0,0.0,0.0,0.0,0.0,0.0,0.0
1958-10,1.8,0.0,0.0,0.0,0.0,0.0,0.0,0.0,0.0,0.0,0.0
1958-11,2.27,0.0,0.0,0.0,0.0,0.0,0.0,0.0,0.0,0.0,0.0
1958-12,2.42,0.0,0.0,0.0,0.0,0.0,0.0,0.0,0.0,0.0,0.0
1959-01,2.48,0.0,0.0,0.0,138.9,0.0,0.0,0.0,0.0,0.0,0.0
1959-02,2.43,0.0,0.0,0.0,139.4,0.0,0.0,0.0,0.0,0.0,0.0
1959-03,2.8,0.0,0.0,0.0,139.7,0.0,0.0,0.0,0.0,0.0,0.0
1959-04,2.96,0.0,0.0,0.0,139.7,0.0,0.0,0.0,0.0,0.0,0.0
1959-05,2.9,0.0,0.0,0.0,140.7,0.0,0.0,0.0,0.0,0.0,0.0
1959-06,3.39,0.0,0.0,0.0,141.2,0.0,0.0,0.0,0.0,0.0,0.0
1959-07,3.47,0.0,0.0,0.0,141.7,0.0,0.0,0.0,0.0,0.0,0.0
1959-08,3.5,0.0,0.0,0.0,141.9,0.0,0.0,0.0,0.0,0.0,0.0
1959-09,3.76,0.0,0.0,0.0,141.0,0.0,0.0,0.0,0.0,0.0,0.0
1959-10,3.98,0.0,0.0,0.0,140.5,0.0,0.0,0.0,0.0,0.0,0.0
1959-11,4.0,0.0,0.0,0.0,140.4,0.0,0.0,0.0,0.0,0.0,0.0
1959-12,3.99,0.0,0.0,0.0,139.9,0.0,0.0,0.0,0.0,0.0,0.0
1960-01,3.99,0.0,0.0,0.0,140.0,0.0,0.0,0.0,0.0,0.0,0.0
1960-02,3.97,0.0,0.0,0.0,139.9,0.0,0.0,0.0,0.0,0.0,0.0
1960-03,3.84,0.0,0.0,0.0,139.8,0.0,0.0,0.0,0.0,0.0,0.0
1960-04,3.92,0.0,0.0,0.0,139.6,0.0,0.0,0.0,0.0,0.0,0.0
1960-05,3.85,0.0,0.0,0.0,139.6,0.0,0.0,0.0,0.0,0.0,0.0
1960-06,3.32,0.0,0.0,0.0,139.6,0.0,0.0,0.0,0.0,0.0,0.0
1960-07,3.23,0.0,0.0,0.0,140.2,0.0,0.0,0.0,0.0,0.0,0.0
1960-08,2.98,0.0,0.0,0.0,141.3,0.0,0.0,0.0,0.0,0.0,0.0
1960-09,2.6,0.0,0.0,0.0,141.2,0.0,0.0,0.0,0.0,0.0,0.0
1960-10,2.47,0.0,0.0,0.0,140.9,0.0,0.0,0.0,0.0,0.0,0.0
1960-11,2.44,0.0,0.0,0.0,140.9,0.0,0.0,0.0,0.0,0.0,0.0
1960-12,1.98,0.0,0.0,0.0,140.7,0.0,0.0,0.0,0.0,0.0,0.0
1961-01,1.45,0.0,0.0,0.0,141.1,0.0,0.0,0.0,0.0,0.0,0.0
1961-02,2.54,0.0,0.0,0.0,141.6,0.0,0.0,0.0,0.0,0.0,0.0
1961-03,2.02,0.0,0.0,0.0,141.9,0.0,0.0,0.0,0.0,0.0,0.0
1961-04,1.49,0.0,0.0,0.0,142.1,0.0,0.0,0.0,0.0,0.0,0.0
1961-05,1.98,0.0,0.0,0.0,142.7,0.0,0.0,0.0,0.0,0.0,0.0
1961-06,1.73,0.0,0.0,0.0,142.9,0.0,0.0,0.0,0.0,0.0,0.0
1961-07,1.17,0.0,0.0,0.0,142.9,0.0,0.0,0.0,0.0,0.0,0.0
1961-08,2.0,0.0,0.0,0.0,143.5,0.0,0.0,0.0,0.0,0.0,0.0
1961-09,1.88,0.0,0.0,0.0,143.8,0.0,0.0,0.0,0.0,0.0,0.0
1961-10,2.26,0.0,0.0,0.0,144.1,0.0,0.0,0.0,0.0,0.0,0.0
1961-11,2.61,0.0,0.0,0.0,144.8,0.0,0.0,0.0,0.0,0.0,0.0
1961-12,2.33,0.0,0.0,0.0,145.2,0.0,0.0,0.0,0.0,0.0,0.0
1962-01,2.15,0.0,0.0,0.0,145.2,0.0,0.0,0.0,0.0,0.0,0.0
1962-02,2.37,0.0,0.0,0.0,145.7,0.0,0.0,0.0,0.0,0.0,0.0
1962-03,2.85,0.0,0.0,0.0,146.0,0.0,0.0,0.0,0.0,0.0,0.0
1962-04,2.78,0.0,0.0,0.0,146.4,0.0,0.0,0.0,0.0,0.0,0.0
1962-05,2.36,0.0,0.0,0.0,146.8,0.0,0.0,0.0,0.0,0.0,0.0
1962-06,2.68,0.0,0.0,0.0,146.6,0.0,0.0,0.0,0.0,0.0,0.0
1962-07,2.71,0.0,0.0,0.0,146.5,0.0,0.0,0.0,0.0,0.0,0.0
1962-08,2.93,0.0,0.0,0.0,146.6,0.0,0.0,0.0,0.0,0.0,0.0
1962-09,2.9,0.0,0.0,0.0,146.3,0.0,0.0,0.0,0.0,0.0,0.0
1962-10,2.9,0.0,0.0,0.0,146.7,0.0,0.0,0.0,0.0,0.0,0.0
1962-11,2.94,0.0,0.0,0.0,147.3,0.0,0.0,0.0,0.0,0.0,0.0
1962-12,2.93,0.0,0.0,0.0,147.8,0.0,0.0,0.0,0.0,0.0,0.0
1963-01,2.92,0.0,0.0,0.0,148.3,0.0,0.0,0.0,0.0,0.0,0.0
1963-02,3.0,0.0,0.0,0.0,148.9,0.0,0.0,0.0,0.0,0.0,0.0
1963-03,2.98,0.0,0.0,0.0,149.2,0.0,0.0,0.0,0.0,0.0,0.0
1963-04,2.9,0.0,0.0,0.0,149.7,0.0,0.0,0.0,0.0,0.0,0.0
1963-05,3.0,0.0,0.0,0.0,150.4,0.0,0.0,0.0,0.0,0.0,0.0
1963-06,2.99,0.0,0.0,0.0,150.4,0.0,0.0,0.0,0.0,0.0,0.0
1963-07,3.02,0.0,0.0,0.0,151.3,0.0,0.0,0.0,0.0,0.0,0.0
1963-08,3.49,0.0,0.0,0.0,151.8,0.0,0.0,0.0,0.0,0.0,0.0
1963-09,3.48,0.0,0.0,0.0,152.0,0.0,0.0,0.0,0.0,0.0,0.0
1963-10,3.5,0.0,0.0,0.0,152.6,0.0,0.0,0.0,0.0,0.0,0.0
1963-11,3.48,0.0,0.0,0.0,153.6,0.0,0.0,0.0,0.0,0.0,0.0
1963-12,3.38,0.0,0.0,0.0,153.3,0.0,0.0,0.0,0.0,0.0,0.0
1964-01,3.48,0.0,0.0,0.0,153.7,0.0,0.0,0.0,0.0,0.0,0.0
1964-02,3.48,0.0,0.0,0.0,154.3,0.0,0.0,0.0,0.0,0.0,0.0
1964-03,3.43,0.0,0.0,0.0,154.5,0.0,0.0,0.0,0.0,0.0,0.0
1964-04,3.47,0.0,0.0,0.0,154.8,0.0,0.0,0.0,0.0,0.0,0.0
1964-05,3.5,0.0,0.0,0.0,155.3,0.0,0.0,0.0,0.0,0.0,0.0
1964-06,3.5,0.0,0.0,0.0,155.6,0.0,0.0,0.0,0.0,0.0,0.0
1964-07,3.42,0.0,0.0,0.0,156.8,0.0,0.0,0.0,0.0,0.0,0.0
1964-08,3.5,0.0,0.0,0.0,157.8,0.0,0.0,0.0,0.0,0.0,0.0
1964-09,3.45,0.0,0.0,0.0,158.7,0.0,0.0,0.0,0.0,0.0,0.0
1964-10,3.36,0.0,0.0,0.0,159.2,0.0,0.0,0.0,0.0,0.0,0.0
1964-11,3.52,0.0,0.0,0.0,160.0,0.0,0.0,0.0,0.0,0.0,0.0
1964-12,3.85,0.0,0.0,0.0,160.3,0.0,0.0,0.0,0.0,0.0,0.0
1965-01,3.9,0.0,0.0,0.0,160.7,0.0,0.0,0.0,0.0,0.0,0.0
1965-02,3.98,0.0,0.0,0.0,160.9,0.0,0.0,0.0,0.0,0.0,0.0
1965-03,4.05,0.0,0.0,0.0,161.5,0.0,0.0,0.0,0.0,0.0,0.0
1965-04,4.09,0.0,0.0,0.0,162.0,0.0,0.0,0.0,0.0,0.0,0.0
1965-05,4.1,0.0,0.0,0.0,161.7,0.0,0.0,0.0,0.0,0.0,0.0
1965-06,4.05,0.0,0.0,0.0,162.2,0.0,0.0,0.0,0.0,0.0,0.0
1965-07,4.09,0.0,0.0,0.0,163.0,0.0,0.0,0.0,0.0,0.0,0.0
1965-08,4.12,0.0,0.0,0.0,163.7,0.0,0.0,0.0,0.0,0.0,0.0
1965-09,4.02,0.0,0.0,0.0,164.8,0.0,0.0,0.0,0.0,0.0,0.0
1965-10,4.08,0.0,0.0,0.0,166.0,0.0,0.0,0.0,0.0,0.0,0.0
1965-11,4.1,0.0,0.0,0.0,166.7,0.0,0.0,0.0,0.0,0.0,0.0
1965-12,4.32,0.0,0.0,0.0,167.8,0.0,0.0,0.0,0.0,0.0,0.0
1966-01,4.42,0.0,0.0,0.0,169.1,0.0,0.0,0.0,0.0,0.0,0.0
1966-02,4.6,0.0,0.0,0.0,169.6,0.0,0.0,0.0,0.0,0.0,0.0
1966-03,4.66,0.0,0.0,0.0,170.5,0.0,0.0,0.0,0.0,0.0,0.0
1966-04,4.67,0.0,0.0,0.0,171.8,0.0,0.0,0.0,0.0,0.0,0.0
1966-05,4.9,0.0,0.0,0.0,171.3,0.0,0.0,0.0,0.0,0.0,0.0
1966-06,5.17,0.0,0.0,0.0,171.6,0.0,0.0,0.0,0.0,0.0,0.0
1966-07,5.3,0.0,0.0,0.0,170.3,0.0,0.0,0.0,0.0,0.0,0.0
1966-08,5.53,0.0,0.0,0.0,170.8,0.0,0.0,0.0,0.0,0.0,0.0
1966-09,5.4,0.0,0.0,0.0,172.0,0.0,0.0,0.0,0.0,0.0,0.0
1966-10,5.53,0.0,0.0,0.0,171.2,0.0,0.0,0.0,0.0,0.0,0.0
1966-11,5.76,0.0,0.0,0.0,171.4,0.0,0.0,0.0,0.0,0.0,0.0
1966-12,5.4,0.0,0.0,0.0,172.0,0.0,0.0,0.0,0.0,0.0,0.0
1967-01,4.94,0.0,0.0,0.0,171.9,0.0,0.0,0.0,0.0,0.0,0.0
1967-02,5.0,0.0,0.0,0.0,173.0,0.0,0.0,0.0,0.0,0.0,0.0
1967-03,4.53,0.0,0.0,0.0,174.8,0.0,0.0,0.0,0.0,0.0,0.0
1967-04,4.05,0.0,0.0,0.0,174.2,0.0,0.0,0.0,0.0,0.0,0.0
1967-05,3.94,0.0,0.0,0.0,175.7,0.0,0.0,0.0,0.0,0.0,0.0
1967-06,3.98,0.0,0.0,0.0,177.0,0.0,0.0,0.0,0.0,0.0,0.0
1967-07,3.79,0.0,0.0,0.0,178.1,0.0,0.0,0.0,0.0,0.0,0.0
1967-08,3.9,0.0,0.0,0.0,179.7,0.0,0.0,0.0,0.0,0.0,0.0
1967-09,3.99,0.0,0.0,0.0,180.7,0.0,0.0,0.0,0.0,0.0,0.0
1967-10,3.88,0.0,0.0,0.0,181.6,0.0,0.0,0.0,0.0,0.0,0.0
1967-11,4.13,0.0,0.0,0.0,182.4,0.0,0.0,0.0,0.0,0.0,0.0
1967-12,4.51,0.0,0.0,0.0,183.3,0.0,0.0,0.0,0.0,0.0,0.0
1968-01,4.61,0.0,0.0,0.0,184.3,0.0,0.0,0.0,0.0,0.0,0.0
1968-02,4.71,0.0,0.0,0.0,184.7,0.0,0.0,0.0,0.0,0.0,0.0
1968-03,5.05,0.0,0.0,0.0,185.5,0.0,0.0,0.0,0.0,0.0,0.0
1968-04,5.76,0.0,0.0,0.0,186.6,0.0,0.0,0.0,0.0,0.0,0.0
1968-05,6.12,0.0,0.0,0.0,188.0,0.0,0.0,0.0,0.0,0.0,0.0
1968-06,6.07,0.0,0.0,0.0,189.4,0.0,0.0,0.0,0.0,0.0,0.0
1968-07,6.03,0.0,0.0,0.0,190.5,0.0,0.0,0.0,0.0,0.0,0.0
1968-08,6.03,0.0,0.0,0.0,191.8,0.0,0.0,0.0,0.0,0.0,0.0
1968-09,5.78,0.0,0.0,0.0,192.7,0.0,0.0,0.0,0.0,0.0,0.0
1968-10,5.91,0.0,0.0,0.0,194.0,0.0,0.0,0.0,0.0,0.0,0.0
1968-11,5.82,0.0,0.0,0.0,196.0,0.0,0.0,0.0,0.0,0.0,0.0
1968-12,6.02,0.0,0.0,0.0,197.4,0.0,0.0,0.0,0.0,0.0,0.0
1969-01,6.3,0.0,0.0,0.0,198.7,0.0,0.0,0.0,0.0,0.0,0.0
1969-02,6.61,0.0,0.0,0.0,199.3,0.0,0.0,0.0,0.0,0.0,0.0
1969-03,6.79,0.0,0.0,0.0,200.0,0.0,0.0,0.0,0.0,0.0,0.0
1969-04,7.41,0.0,0.0,0.0,200.7,0.0,0.0,0.0,0.0,0.0,0.0
1969-05,8.67,0.0,0.0,0.0,200.8,0.0,0.0,0.0,0.0,0.0,0.0
1969-06,8.9,0.0,0.0,0.0,201.3,0.0,0.0,0.0,0.0,0.0,0.0
1969-07,8.61,0.0,0.0,0.0,201.7,0.0,0.0,0.0,0.0,0.0,0.0
1969-08,9.19,0.0,0.0,0.0,201.7,0.0,0.0,0.0,0.0,0.0,0.0
1969-09,9.15,0.0,0.0,0.0,202.1,0.0,0.0,0.0,0.0,0.0,0.0
1969-10,9.0,0.0,0.0,0.0,202.9,0.0,0.0,0.0,0.0,0.0,0.0
1969-11,8.85,0.0,0.0,0.0,203.6,0.0,0.0,0.0,0.0,0.0,0.0
1969-12,8.97,0.0,0.0,0.0,203.9,0.0,0.0,0.0,0.0,0.0,0.0
1970-01,8.98,0.0,0.0,0.0,206.2,0.0,0.0,0.0,0.0,0.0,0.0
1970-02,8.98,0.0,0.0,0.0,205.0,0.0,0.0,0.0,0.0,0.0,0.0
1970-03,7.76,0.0,0.0,0.0,205.7,0.0,0.0,0.0,0.0,0.0,0.0
1970-04,8.1,0.0,0.0,0.0,206.7,0.0,0.0,0.0,0.0,0.0,0.0
1970-05,7.95,0.0,0.0,0.0,207.2,0.0,0.0,0.0,0.0,0.0,0.0
1970-06,7.61,0.0,0.0,0.0,207.6,0.0,0.0,0.0,0.0,0.0,0.0
1970-07,7.21,0.0,0.0,0.0,208.0,0.0,0.0,0.0,0.0,0.0,0.0
1970-08,6.62,0.0,0.0,0.0,209.9,0.0,0.0,0.0,0.0,0.0,0.0
1970-09,6.29,0.0,0.0,0.0,211.8,0.0,0.0,0.0,0.0,0.0,0.0
1970-10,6.2,0.0,0.0,0.0,212.9,0.0,0.0,0.0,0.0,0.0,0.0
1970-11,5.6,0.0,0.0,0.0,213.7,0.0,0.0,0.0,0.0,0.0,0.0
1970-12,4.9,0.0,0.0,0.0,214.4,0.0,0.0,0.0,0.0,0.0,0.0
1971-01,4.14,0.0,0.0,0.0,215.5,0.0,0.0,0.0,0.0,0.0,0.0
1971-02,3.72,0.0,0.0,0.0,217.4,0.0,0.0,0.0,0.0,0.0,0.0
1971-03,3.71,0.0,0.0,0.0,218.8,0.0,0.0,0.0,0.0,0.0,0.0
1971-04,4.16,0.0,0.0,0.0,220.0,0.0,0.0,0.0,0.0,0.0,0.0
1971-05,4.63,0.0,0.0,0.0,222.0,0.0,0.0,0.0,0.0,0.0,0.0
1971-06,4.91,0.0,0.0,0.0,223.5,0.0,0.0,0.0,0.0,0.0,0.0
1971-07,5.31,0.0,0.0,0.0,224.9,0.0,0.0,0.0,0.0,0.0,0.0
1971-08,5.57,0.0,0.0,0.0,225.6,0.0,0.0,0.0,0.0,0.0,0.0
1971-09,5.55,0.0,0.0,0.0,226.5,0.0,0.0,0.0,0.0,0.0,0.0
1971-10,5.2,0.0,0.0,0.0,227.2,0.0,0.0,0.0,0.0,0.0,0.0
1971-11,4.91,0.0,0.0,0.0,227.8,0.0,0.0,0.0,0.0,0.0,0.0
1971-12,4.14,0.0,0.0,0.0,228.3,0.0,0.0,0.0,0.0,0.0,0.0
1972-01,3.51,0.0,0.0,0.0,230.1,0.0,0.0,0.0,0.0,0.0,0.0
1972-02,3.3,0.0,0.0,0.0,232.3,0.0,0.0,0.0,0.0,0.0,0.0
1972-03,3.83,0.0,0.0,0.0,234.3,0.0,0.0,0.0,0.0,0.0,0.0
1972-04,4.17,0.0,0.0,0.0,235.6,0.0,0.0,0.0,0.0,0.0,0.0
1972-05,4.27,0.0,0.0,0.0,235.9,0.0,0.0,0.0,0.0,0.0,0.0
1972-06,4.46,0.0,0.0,0.0,236.6,0.0,0.0,0.0,0.0,0.0,0.0
1972-07,4.55,0.0,0.0,0.0,238.8,0.0,0.0,0.0,0.0,0.0,0.0
1972-08,4.81,0.0,0.0,0.0,240.9,0.0,0.0,0.0,0.0,0.0,0.0
1972-09,4.87,0.0,0.0,0.0,243.2,0.0,0.0,0.0,0.0,0.0,0.0
1972-10,5.05,0.0,0.0,0.0,245.0,0.0,0.0,0.0,0.0,0.0,0.0
1972-11,5.06,0.0,0.0,0.0,246.4,0.0,0.0,0.0,0.0,0.0,0.0
1972-12,5.33,0.0,0.0,0.0,249.2,0.0,0.0,0.0,0.0,0.0,0.0
1973-01,5.94,0.0,0.0,0.0,251.5,0.0,0.0,0.0,0.0,0.0,0.0
1973-02,6.58,0.0,0.0,0.0,252.2,0.0,0.0,0.0,0.0,0.0,0.0
1973-03,7.09,0.0,0.0,0.0,251.7,0.0,0.0,0.0,0.0,0.0,0.0
1973-04,7.12,0.0,0.0,0.0,252.7,0.0,0.0,0.0,0.0,0.0,0.0
1973-05,7.84,0.0,0.0,0.0,254.9,0.0,0.0,0.0,0.0,0.0,0.0
1973-06,8.49,0.0,0.0,0.0,256.7,0.0,0.0,0.0,0.0,0.0,0.0
1973-07,10.4,0.0,0.0,0.0,257.5,0.0,0.0,0.0,0.0,0.0,0.0
1973-08,10.5,0.0,0.0,0.0,257.7,0.0,0.0,0.0,0.0,0.0,0.0
1973-09,10.78,0.0,0.0,0.0,257.9,0.0,0.0,0.0,0.0,0.0,0.0
1973-10,10.01,0.0,0.0,0.0,259.0,0.0,0.0,0.0,0.0,0.0,0.0
1973-11,10.03,0.0,0.0,0.0,261.0,0.0,0.0,0.0,0.0,0.0,0.0
1973-12,9.95,0.0,0.0,0.0,262.9,0.0,0.0,0.0,0.0,0.0,0.0
1974-01,9.65,0.0,0.0,0.0,263.8,0.0,0.0,0.0,0.0,0.0,0.0
1974-02,8.97,0.0,0.0,0.0,265.3,0.0,0.0,0.0,0.0,0.0,0.0
1974-03,9.35,0.0,0.0,0.0,266.7,0.0,0.0,0.0,0.0,0.0,0.0
1974-04,10.51,0.0,0.0,0.0,267.2,0.0,0.0,0.0,0.0,0.0,0.0
1974-05,11.31,0.0,0.0,0.0,267.6,0.0,0.0,0.0,0.0,0.0,0.0
1974-06,11.93,0.0,0.0,0.0,268.5,0.0,0.0,0.0,0.0,0.0,0.0
1974-07,12.92,0.0,0.0,0.0,269.3,0.0,0.0,0.0,0.0,0.0,0.0
1974-08,12.01,0.0,0.0,0.0,270.1,0.0,0.0,0.0,0.0,0.0,0.0
1974-09,11.34,0.0,0.0,0.0,271.0,0.0,0.0,0.0,0.0,0.0,0.0
1974-10,10.06,0.0,0.0,0.0,272.3,0.0,0.0,0.0,0.0,0.0,0.0
1974-11,9.45,0.0,0.0,0.0,273.7,0.0,0.0,0.0,0.0,0.0,0.0
1974-12,8.53,0.0,0.0,0.0,274.2,0.0,0.0,0.0,0.0,0.0,0.0
1975-01,7.13,0.0,0.0,0.0,273.9,0.0,0.0,0.0,0.0,0.0,0.0
1975-02,6.24,0.0,0.0,0.0,275.0,0.0,0.0,0.0,0.0,0.0,0.0
1975-03,5.54,0.0,0.0,0.0,276.4,0.0,0.0,0.0,0.0,0.0,0.0
1975-04,5.49,0.0,0.0,0.0,276.2,0.0,0.0,0.0,0.0,0.0,0.0
1975-05,5.22,0.0,0.0,0.0,279.2,0.0,0.0,0.0,0.0,0.0,0.0
1975-06,5.55,0.0,0.0,0.0,282.4,0.0,0.0,0.0,0.0,0.0,0.0
1975-07,6.1,0.0,0.0,0.0,283.7,0.0,0.0,0.0,0.0,0.0,0.0
1975-08,6.14,0.0,0.0,0.0,284.1,0.0,0.0,0.0,0.0,0.0,0.0
1975-09,6.24,0.0,0.0,0.0,285.7,0.0,0.0,0.0,0.0,0.0,0.0
1975-10,5.82,0.0,0.0,0.0,285.4,0.0,0.0,0.0,0.0,0.0,0.0
1975-11,5.22,0.0,0.0,0.0,286.8,0.0,0.0,0.0,0.0,0.0,0.0
1975-12,5.2,0.0,0.0,0.0,287.1,0.0,0.0,0.0,0.0,0.0,0.0
1976-01,4.87,0.0,0.0,0.0,288.4,0.0,0.0,0.0,0.0,0.0,0.0
1976-02,4.77,0.0,0.0,0.0,290.8,0.0,0.0,0.0,0.0,0.0,0.0
1976-03,4.84,0.0,0.0,0.0,292.7,0.0,0.0,0.0,0.0,0.0,0.0
1976-04,4.82,0.0,0.0,0.0,294.7,0.0,0.0,0.0,0.0,0.0,0.0
1976-05,5.29,0.0,0.0,0.0,295.9,0.0,0.0,0.0,0.0,0.0,0.0
1976-06,5.48,0.0,0.0,0.0,296.2,0.0,0.0,0.0,0.0,0.0,0.0
1976-07,5.31,0.0,0.0,0.0,297.2,0.0,0.0,0.0,0.0,0.0,0.0
1976-08,5.29,0.0,0.0,0.0,299.0,0.0,0.0,0.0,0.0,0.0,0.0
1976-09,5.25,0.0,0.0,0.0,299.6,0.0,0.0,0.0,0.0,0.0,0.0
1976-10,5.02,0.0,0.0,0.0,302.0,0.0,0.0,0.0,0.0,0.0,0.0
1976-11,4.95,0.0,0.0,0.0,303.6,0.0,0.0,0.0,0.0,0.0,0.0
1976-12,4.65,0.0,0.0,0.0,306.2,0.0,0.0,0.0,0.0,0.0,0.0
1977-01,4.61,0.0,0.0,0.0,308.3,0.0,0.0,0.0,0.0,0.0,0.0
1977-02,4.68,0.0,0.0,0.0,311.5,0.0,0.0,0.0,0.0,0.0,0.0
1977-03,4.69,0.0,0.0,0.0,313.9,0.0,0.0,0.0,0.0,0.0,0.0
1977-04,4.73,0.0,0.0,0.0,316.0,0.0,0.0,0.0,0.0,0.0,0.0
1977-05,5.35,0.0,0.0,0.0,317.2,0.0,0.0,0.0,0.0,0.0,0.0
1977-06,5.39,0.0,0.0,0.0,318.8,0.0,0.0,0.0,0.0,0.0,0.0
1977-07,5.42,0.0,0.0,0.0,320.2,0.0,0.0,0.0,0.0,0.0,0.0
1977-08,5.9,0.0,0.0,0.0,322.3,0.0,0.0,0.0,0.0,0.0,0.0
1977-09,6.14,0.0,0.0,0.0,324.5,0.0,0.0,0.0,0.0,0.0,0.0
1977-10,6.47,0.0,0.0,0.0,326.4,0.0,0.0,0.0,0.0,0.0,0.0
1977-11,6.51,0.0,0.0,0.0,328.6,0.0,0.0,0.0,0.0,0.0,0.0
1977-12,6.56,0.0,0.0,0.0,330.9,0.0,0.0,0.0,0.0,0.0,0.0
1978-01,6.7,0.0,0.0,0.0,334.4,0.0,0.0,0.0,0.0,0.0,0.0
1978-02,6.78,0.0,0.0,0.0,335.3,0.0,0.0,0.0,0.0,0.0,0.0
1978-03,6.79,0.0,0.0,0.0,337.0,0.0,0.0,0.0,0.0,0.0,0.0
1978-04,6.89,0.0,0.0,0.0,339.9,0.0,0.0,0.0,0.0,0.0,0.0
1978-05,7.36,0.0,0.0,0.0,344.9,0.0,0.0,0.0,0.0,0.0,0.0
1978-06,7.6,0.0,0.0,0.0,346.9,0.0,0.0,0.0,0.0,0.0,0.0
1978-07,7.81,0.0,0.0,0.0,347.6,0.0,0.0,0.0,0.0,0.0,0.0
1978-08,8.04,0.0,0.0,0.0,349.6,0.0,0.0,0.0,0.0,0.0,0.0
1978-09,8.45,0.0,0.0,0.0,352.2,0.0,0.0,0.0,0.0,0.0,0.0
1978-10,8.96,0.0,0.0,0.0,353.3,0.0,0.0,0.0,0.0,0.0,0.0
1978-11,9.76,0.0,0.0,0.0,355.4,0.0,0.0,0.0,0.0,0.0,0.0
1978-12,10.03,0.0,0.0,0.0,357.3,0.0,0.0,0.0,0.0,0.0,0.0
1979-01,10.07,0.0,0.0,0.0,358.6,0.0,0.0,0.0,0.0,0.0,0.0
1979-02,10.06,0.0,0.0,0.0,359.9,0.0,0.0,0.0,0.0,0.0,0.0
1979-03,10.09,0.0,0.0,0.0,362.5,0.0,0.0,0.0,0.0,0.0,0.0
1979-04,10.01,0.0,0.0,0.0,368.0,0.0,0.0,0.0,0.0,0.0,0.0
1979-05,10.24,0.0,0.0,0.0,369.6,0.0,0.0,0.0,0.0,0.0,0.0
1979-06,10.29,0.0,0.0,0.0,373.4,0.0,0.0,0.0,0.0,0.0,0.0
1979-07,10.47,0.0,0.0,0.0,377.2,0.0,0.0,0.0,0.0,0.0,0.0
1979-08,10.94,0.0,0.0,0.0,378.8,0.0,0.0,0.0,0.0,0.0,0.0
1979-09,11.43,0.0,0.0,0.0,379.3,0.0,0.0,0.0,0.0,0.0,0.0
1979-10,13.77,0.0,0.0,0.0,380.8,0.0,0.0,0.0,0.0,0.0,0.0
1979-11,13.18,0.0,0.0,0.0,380.8,0.0,0.0,0.0,0.0,0.0,0.0
1979-12,13.78,0.0,0.0,0.0,381.8,0.0,0.0,0.0,0.0,0.0,0.0
1980-01,13.82,0.0,0.0,0.0,385.8,0.0,0.0,0.0,0.0,0.0,0.0
1980-02,14.13,0.0,0.0,0.0,390.1,0.0,0.0,0.0,0.0,0.0,0.0
1980-03,17.19,0.0,0.0,0.0,388.4,0.0,0.0,0.0,0.0,0.0,0.0
1980-04,17.61,0.0,0.0,0.0,383.8,0.0,0.0,0.0,0.0,0.0,0.0
1980-05,10.98,0.0,0.0,0.0,384.8,0.0,0.0,0.0,0.0,0.0,0.0
1980-06,9.47,0.0,0.0,0.0,389.1,0.0,0.0,0.0,0.0,0.0,0.0
1980-07,9.03,0.0,0.0,0.0,394.0,0.0,0.0,0.0,0.0,0.0,0.0
1980-08,9.61,0.0,0.0,0.0,399.2,0.0,0.0,0.0,0.0,0.0,0.0
1980-09,10.87,0.0,0.0,0.0,404.8,0.0,0.0,0.0,0.0,0.0,0.0
1980-10,12.81,0.0,0.0,0.0,409.0,0.0,0.0,0.0,0.0,0.0,0.0
1980-11,15.85,0.0,0.0,0.0,410.7,0.0,0.0,0.0,0.0,0.0,0.0
1980-12,18.9,0.0,0.0,0.0,408.5,0.0,0.0,0.0,0.0,0.0,0.0
1981-01,19.08,0.0,0.0,0.0,411.3,0.0,0.0,0.0,0.0,0.0,0.0
1981-02,15.93,0.0,0.0,0.0,414.8,0.0,0.0,0.0,0.0,0.0,0.0
1981-03,14.7,0.0,0.0,0.0,419.0,0.0,0.0,0.0,0.0,0.0,0.0
1981-04,15.72,0.0,0.0,0.0,427.4,0.0,0.0,0.0,0.0,0.0,0.0
1981-05,18.52,0.0,0.0,0.0,424.7,0.0,0.0,0.0,0.0,0.0,0.0
1981-06,19.1,0.0,0.0,0.0,425.2,0.0,0.0,0.0,0.0,0.0,0.0
1981-07,19.04,0.0,0.0,0.0,426.9,0.0,0.0,0.0,0.0,0.0,0.0
1981-08,17.82,0.0,0.0,0.0,426.9,0.0,0.0,0.0,0.0,0.0,0.0
1981-09,15.87,0.0,0.0,0.0,427.0,0.0,0.0,0.0,0.0,0.0,0.0
1981-10,15.08,0.0,0.0,0.0,428.4,0.0,0.0,0.0,0.0,0.0,0.0
1981-11,13.31,0.0,0.0,0.0,431.3,0.0,0.0,0.0,0.0,0.0,0.0
1981-12,12.37,0.0,0.0,0.0,436.7,0.0,0.0,0.0,0.0,0.0,0.0
1982-01,13.22,0.0,0.0,0.0,442.7,0.0,0.0,0.0,0.0,0.0,0.0
1982-02,14.78,0.0,0.0,0.0,441.9,0.0,0.0,0.0,0.0,0.0,0.0
1982-03,14.68,0.0,0.0,0.0,442.7,0.0,0.0,0.0,0.0,0.0,0.0
1982-04,14.94,0.0,0.0,0.0,447.1,0.0,0.0,0.0,0.0,0.0,0.0
1982-05,14.45,0.0,0.0,0.0,446.7,0.0,0.0,0.0,0.0,0.0,0.0
1982-06,14.15,0.0,0.0,0.0,447.5,0.0,0.0,0.0,0.0,0.0,0.0
1982-07,12.59,0.0,0.0,0.0,448.0,0.0,0.0,0.0,0.0,0.0,0.0
1982-08,10.12,0.0,0.0,0.0,451.4,0.0,0.0,0.0,0.0,0.0,0.0
1982-09,10.31,0.0,0.0,0.0,456.9,0.0,0.0,0.0,0.0,0.0,0.0
1982-10,9.71,0.0,0.0,0.0,464.5,0.0,0.0,0.0,0.0,0.0,0.0
1982-11,9.2,0.0,0.0,0.0,471.5,0.0,0.0,0.0,0.0,0.0,0.0
1982-12,8.95,0.0,0.0,0.0,474.8,0.0,0.0,0.0,0.0,0.0,0.0
1983-01,8.68,0.0,0.0,0.0,477.2,0.0,0.0,0.0,0.0,0.0,0.0
1983-02,8.51,0.0,0.0,0.0,484.3,0.0,0.0,0.0,0.0,0.0,0.0
1983-03,8.77,0.0,0.0,0.0,490.6,0.0,0.0,0.0,0.0,0.0,0.0
1983-04,8.8,0.0,0.0,0.0,493.2,0.0,0.0,0.0,0.0,0.0,0.0
1983-05,8.63,0.0,0.0,0.0,500.0,0.0,0.0,0.0,0.0,0.0,0.0
1983-06,8.98,0.0,0.0,0.0,504.0,0.0,0.0,0.0,0.0,0.0,0.0
1983-07,9.37,0.0,0.0,0.0,507.8,0.0,0.0,0.0,0.0,0.0,0.0
1983-08,9.56,0.0,0.0,0.0,510.5,0.0,0.0,0.0,0.0,0.0,0.0
1983-09,9.45,0.0,0.0,0.0,512.8,0.0,0.0,0.0,0.0,0.0,0.0
1983-10,9.48,0.0,0.0,0.0,517.2,0.0,0.0,0.0,0.0,0.0,0.0
1983-11,9.34,0.0,0.0,0.0,519.0,0.0,0.0,0.0,0.0,0.0,0.0
1983-12,9.47,0.0,0.0,0.0,521.4,0.0,0.0,0.0,0.0,0.0,0.0
1984-01,9.56,0.0,0.0,0.0,525.1,0.0,0.0,0.0,0.0,0.0,0.0
1984-02,9.59,0.0,0.0,0.0,527.5,0.0,0.0,0.0,0.0,0.0,0.0
1984-03,9.91,0.0,0.0,0.0,531.4,0.0,0.0,0.0,0.0,0.0,0.0
1984-04,10.29,0.0,0.0,0.0,535.0,0.0,0.0,0.0,0.0,0.0,0.0
1984-05,10.32,0.0,0.0,0.0,536.7,0.0,0.0,0.0,0.0,0.0,0.0
1984-06,11.06,0.0,0.0,0.0,540.2,0.0,0.0,0.0,0.0,0.0,0.0
1984-07,11.23,0.0,0.0,0.0,540.9,0.0,0.0,0.0,0.0,0.0,0.0
1984-08,11.64,0.0,0.0,0.0,541.0,0.0,0.0,0.0,0.0,0.0,0.0
1984-09,11.3,0.0,0.0,0.0,543.1,0.0,0.0,0.0,0.0,0.0,0.0
1984-10,9.99,0.0,0.0,0.0,543.7,0.0,0.0,0.0,0.0,0.0,0.0
1984-11,9.43,0.0,0.0,0.0,547.5,0.0,0.0,0.0,0.0,0.0,0.0
1984-12,8.38,0.0,0.0,0.0,551.6,0.0,0.0,0.0,0.0,0.0,0.0
1985-01,8.35,0.0,0.0,0.0,557.0,0.0,0.0,0.0,0.0,0.0,0.0
1985-02,8.5,0.0,0.0,0.0,563.6,0.0,0.0,0.0,0.0,0.0,0.0
1985-03,8.58,0.0,0.0,0.0,566.6,0.0,0.0,0.0,0.0,0.0,0.0
1985-04,8.27,0.0,0.0,0.0,570.4,0.0,0.0,0.0,0.0,0.0,0.0
1985-05,7.97,0.0,0.0,0.0,575.1,0.0,0.0,0.0,0.0,0.0,0.0
1985-06,7.53,0.0,0.0,0.0,582.3,0.0,0.0,0.0,0.0,0.0,0.0
1985-07,7.88,0.0,0.0,0.0,589.1,0.0,0.0,0.0,0.0,0.0,0.0
1985-08,7.9,0.0,0.0,0.0,596.2,0.0,0.0,0.0,0.0,0.0,0.0
1985-09,7.92,0.0,0.0,0.0,603.3,0.0,0.0,0.0,0.0,0.0,0.0
1985-10,7.99,0.0,0.0,0.0,607.8,0.0,0.0,0.0,0.0,0.0,0.0
1985-11,8.05,0.0,0.0,0.0,612.2,0.0,0.0,0.0,0.0,0.0,0.0
1985-12,8.27,0.0,0.0,0.0,619.8,0.0,0.0,0.0,0.0,0.0,0.0
1986-01,8.14,0.0,0.0,0.0,621.4,0.0,0.0,0.0,0.0,0.0,0.0
1986-02,7.86,0.0,0.0,0.0,625.2,0.0,0.0,0.0,0.0,0.0,0.0
1986-03,7.48,0.0,0.0,0.0,633.5,0.0,0.0,0.0,0.0,0.0,0.0
1986-04,6.99,0.0,0.0,0.0,641.0,0.0,0.0,0.0,0.0,0.0,0.0
1986-05,6.85,0.0,0.0,0.0,652.0,0.0,0.0,0.0,0.0,0.0,0.0
1986-06,6.92,0.0,0.0,0.0,660.6,0.0,0.0,0.0,0.0,0.0,0.0
1986-07,6.56,0.0,0.0,0.0,670.3,0.0,0.0,0.0,0.0,0.0,0.0
1986-08,6.17,0.0,0.0,0.0,678.7,0.0,0.0,0.0,0.0,0.0,0.0
1986-09,5.89,0.0,0.0,0.0,687.4,0.0,0.0,0.0,0.0,0.0,0.0
1986-10,5.85,0.0,0.0,0.0,694.9,0.0,0.0,0.0,0.0,0.0,0.0
1986-11,6.04,0.0,0.0,0.0,705.4,0.0,0.0,0.0,0.0,0.0,0.0
1986-12,6.91,0.0,0.0,0.0,724.7,0.0,0.0,0.0,0.0,0.0,0.0
1987-01,6.43,0.0,0.0,0.0,730.2,0.0,0.0,0.0,0.0,0.0,0.0
1987-02,6.1,0.0,0.0,0.0,730.7,0.0,0.0,0.0,0.0,0.0,0.0
1987-03,6.13,0.0,0.0,0.0,733.8,0.0,0.0,0.0,0.0,0.0,0.0
1987-04,6.37,0.0,0.0,0.0,743.9,0.0,0.0,0.0,0.0,0.0,0.0
1987-05,6.85,0.0,0.0,0.0,745.8,0.0,0.0,0.0,0.0,0.0,0.0
1987-06,6.73,0.0,0.0,0.0,743.2,0.0,0.0,0.0,0.0,0.0,0.0
1987-07,6.58,0.0,0.0,0.0,743.0,0.0,0.0,0.0,0.0,0.0,0.0
1987-08,6.73,0.0,0.0,0.0,744.9,0.0,0.0,0.0,0.0,0.0,0.0
1987-09,7.22,0.0,0.0,0.0,747.6,0.0,0.0,0.0,0.0,0.0,0.0
1987-10,7.29,0.0,0.0,0.0,756.2,0.0,0.0,0.0,0.0,0.0,0.0
1987-11,6.69,0.0,0.0,0.0,753.2,0.0,0.0,0.0,0.0,0.0,0.0
1987-12,6.77,0.0,0.0,0.0,750.2,0.0,0.0,0.0,0.0,0.0,0.0
1988-01,6.83,0.0,0.0,0.0,756.2,0.0,0.0,0.0,0.0,0.0,0.0
1988-02,6.58,0.0,0.0,0.0,757.7,0.0,0.0,0.0,0.0,0.0,0.0
1988-03,6.58,0.0,0.0,0.0,761.8,0.0,0.0,0.0,0.0,0.0,0.0
1988-04,6.87,0.0,0.0,0.0,768.1,0.0,0.0,0.0,0.0,0.0,0.0
1988-05,7.09,0.0,0.0,0.0,771.7,0.0,0.0,0.0,0.0,0.0,0.0
1988-06,7.51,0.0,0.0,0.0,778.3,0.0,0.0,0.0,0.0,0.0,0.0
1988-07,7.75,0.0,0.0,0.0,781.4,0.0,0.0,0.0,0.0,0.0,0.0
1988-08,8.01,0.0,0.0,0.0,783.3,0.0,0.0,0.0,0.0,0.0,0.0
1988-09,8.19,0.0,0.0,0.0,783.7,0.0,0.0,0.0,0.0,0.0,0.0
1988-10,8.3,0.0,0.0,0.0,783.3,0.0,0.0,0.0,0.0,0.0,0.0
1988-11,8.35,0.0,0.0,0.0,784.9,0.0,0.0,0.0,0.0,0.0,0.0
1988-12,8.76,0.0,0.0,0.0,786.7,0.0,0.0,0.0,0.0,0.0,0.0
1989-01,9.12,0.0,0.0,0.0,785.7,0.0,0.0,0.0,0.0,0.0,0.0
1989-02,9.36,0.0,0.0,0.0,783.8,0.0,0.0,0.0,0.0,0.0,0.0
1989-03,9.85,0.0,0.0,0.0,783.0,0.0,0.0,0.0,0.0,0.0,0.0
1989-04,9.84,0.0,0.0,0.0,779.2,0.0,0.0,0.0,0.0,0.0,0.0
1989-05,9.81,0.0,0.0,0.0,775.0,0.0,0.0,0.0,0.0,0.0,0.0
1989-06,9.53,0.0,0.0,0.0,773.5,0.0,0.0,0.0,0.0,0.0,0.0
1989-07,9.24,0.0,0.0,0.0,777.8,0.0,0.0,0.0,0.0,0.0,0.0
1989-08,8.99,0.0,0.0,0.0,779.4,0.0,0.0,0.0,0.0,0.0,0.0
1989-09,9.02,0.0,0.0,0.0,781.0,0.0,0.0,0.0,0.0,0.0,0.0
1989-10,8.84,0.0,0.0,0.0,786.6,0.0,0.0,0.0,0.0,0.0,0.0
1989-11,8.55,0.0,0.0,0.0,787.9,0.0,0.0,0.0,0.0,0.0,0.0
1989-12,8.45,0.0,0.0,0.0,792.9,0.0,0.0,0.0,0.0,0.0,0.0
1990-01,8.23,0.0,0.0,0.0,795.4,0.0,0.0,0.0,0.0,0.0,0.0
1990-02,8.24,0.0,0.0,0.0,798.1,0.0,0.0,0.0,0.0,0.0,0.0
1990-03,8.28,0.0,0.0,0.0,801.5,0.0,0.0,0.0,0.0,0.0,0.0
1990-04,8.26,0.0,0.0,0.0,806.1,0.0,0.0,0.0,0.0,0.0,0.0
1990-05,8.18,0.0,0.0,0.0,804.2,0.0,0.0,0.0,0.0,0.0,0.0
1990-06,8.29,0.0,0.0,0.0,808.8,0.0,0.0,0.0,0.0,0.0,0.0
1990-07,8.15,0.0,0.0,0.0,810.1,0.0,0.0,0.0,0.0,0.0,0.0
1990-08,8.13,0.0,0.0,0.0,815.7,0.0,0.0,0.0,0.0,0.0,0.0
1990-09,8.2,0.0,0.0,0.0,820.2,0.0,0.0,0.0,0.0,0.0,0.0
1990-10,8.11,0.0,0.0,0.0,819.9,0.0,0.0,0.0,0.0,0.0,0.0
1990-11,7.81,0.0,0.0,0.0,822.1,0.0,0.0,0.0,0.0,0.0,0.0
1990-12,7.31,0.0,0.0,0.0,824.7,0.0,0.0,0.0,0.0,0.0,0.0
1991-01,6.91,0.0,0.0,0.0,827.2,0.0,0.0,0.0,0.0,0.0,0.0
1991-02,6.25,0.0,0.0,0.0,832.6,0.0,0.0,0.0,0.0,0.0,0.0
1991-03,6.12,0.0,0.0,0.0,838.7,0.0,0.0,0.0,0.0,0.0,0.0
1991-04,5.91,0.0,0.0,0.0,843.1,0.0,0.0,0.0,0.0,0.0,0.0
1991-05,5.78,0.0,0.0,0.0,848.8,0.0,0.0,0.0,0.0,0.0,0.0
1991-06,5.9,0.0,0.0,0.0,856.7,0.0,0.0,0.0,0.0,0.0,0.0
1991-07,5.82,0.0,0.0,0.0,861.6,0.0,0.0,0.0,0.0,0.0,0.0
1991-08,5.66,0.0,0.0,0.0,866.8,0.0,0.0,0.0,0.0,0.0,0.0
1991-09,5.45,0.0,0.0,0.0,869.7,0.0,0.0,0.0,0.0,0.0,0.0
1991-10,5.21,0.0,0.0,0.0,878.0,0.0,0.0,0.0,0.0,0.0,0.0
1991-11,4.81,0.0,0.0,0.0,887.6,0.0,0.0,0.0,0.0,0.0,0.0
1991-12,4.43,0.0,0.0,0.0,897.0,0.0,0.0,0.0,0.0,0.0,0.0
1992-01,4.03,0.0,0.0,0.0,910.4,0.0,0.0,0.0,0.0,0.0,0.0
1992-02,4.06,0.0,0.0,0.0,925.2,0.0,0.0,0.0,0.0,0.0,0.0
1992-03,3.98,0.0,0.0,0.0,936.7,0.0,0.0,0.0,0.0,0.0,0.0
1992-04,3.73,0.0,0.0,0.0,943.8,0.0,0.0,0.0,0.0,0.0,0.0
1992-05,3.82,0.0,0.0,0.0,950.6,0.0,0.0,0.0,0.0,0.0,0.0
1992-06,3.76,0.0,0.0,0.0,954.3,0.0,0.0,0.0,0.0,0.0,0.0
1992-07,3.25,0.0,0.0,0.0,963.3,0.0,0.0,0.0,0.0,0.0,0.0
1992-08,3.3,0.0,0.0,0.0,973.7,0.0,0.0,0.0,0.0,0.0,0.0
1992-09,3.22,0.0,0.0,0.0,988.0,0.0,0.0,0.0,0.0,0.0,0.0
1992-10,3.1,0.0,0.0,0.0,1003.7,0.0,0.0,0.0,0.0,0.0,0.0
1992-11,3.09,0.0,0.0,0.0,1015.7,0.0,0.0,0.0,0.0,0.0,0.0
1992-12,2.92,0.0,0.0,0.0,1024.9,0.0,0.0,0.0,0.0,0.0,0.0
1993-01,3.02,0.0,0.0,0.0,1030.4,0.0,0.0,0.0,0.0,0.0,0.0
1993-02,3.03,0.0,0.0,0.0,1033.5,0.0,0.0,0.0,0.0,0.0,0.0
1993-03,3.07,0.0,0.0,0.0,1038.4,0.0,0.0,0.0,0.0,0.0,0.0
1993-04,2.96,0.0,0.0,0.0,1047.6,0.0,0.0,0.0,0.0,0.0,0.0
1993-05,3.0,0.0,0.0,0.0,1065.9,0.0,0.0,0.0,0.0,0.0,0.0
1993-06,3.04,0.0,0.0,0.0,1075.1,0.0,0.0,0.0,0.0,0.0,0.0
1993-07,3.06,0.0,0.0,0.0,1084.6,0.0,0.0,0.0,0.0,0.0,0.0
1993-08,3.03,0.0,0.0,0.0,1094.2,0.0,0.0,0.0,0.0,0.0,0.0
1993-09,3.09,0.0,0.0,0.0,1104.2,0.0,0.0,0.0,0.0,0.0,0.0
1993-10,2.99,0.0,0.0,0.0,1113.1,0.0,0.0,0.0,0.0,0.0,0.0
1993-11,3.02,0.0,0.0,0.0,1124.1,0.0,0.0,0.0,0.0,0.0,0.0
1993-12,2.96,0.0,0.0,0.0,1129.6,0.0,0.0,0.0,0.0,0.0,0.0
1994-01,3.05,0.0,0.0,0.0,1131.6,0.0,0.0,0.0,0.0,0.0,0.0
1994-02,3.25,0.0,0.0,0.0,1136.3,0.0,0.0,0.0,0.0,0.0,0.0
1994-03,3.34,0.0,0.0,0.0,1140.1,0.0,0.0,0.0,0.0,0.0,0.0
1994-04,3.56,0.0,0.0,0.0,1141.1,0.0,0.0,0.0,0.0,0.0,0.0
1994-05,4.01,0.0,0.0,0.0,1143.3,0.0,0.0,0.0,0.0,0.0,0.0
1994-06,4.25,0.0,0.0,0.0,1145.2,0.0,0.0,0.0,0.0,0.0,0.0
1994-07,4.26,0.0,0.0,0.0,1150.7,0.0,0.0,0.0,0.0,0.0,0.0
1994-08,4.47,0.0,0.0,0.0,1150.6,0.0,0.0,0.0,0.0,0.0,0.0
1994-09,4.73,0.0,0.0,0.0,1151.9,0.0,0.0,0.0,0.0,0.0,0.0
1994-10,4.76,0.0,0.0,0.0,1150.2,0.0,0.0,0.0,0.0,0.0,0.0
1994-11,5.29,0.0,0.0,0.0,1150.9,0.0,0.0,0.0,0.0,0.0,0.0
1994-12,5.45,0.0,0.0,0.0,1150.7,0.0,0.0,0.0,0.0,0.0,0.0
1995-01,5.53,0.0,0.0,0.0,1151.4,0.0,0.0,0.0,0.0,0.0,0.0
1995-02,5.92,0.0,0.0,0.0,1147.4,0.0,0.0,0.0,0.0,0.0,0.0
1995-03,5.98,0.0,0.0,0.0,1146.7,0.0,0.0,0.0,0.0,0.0,0.0
1995-04,6.05,0.0,0.0,0.0,1149.3,0.0,0.0,0.0,0.0,0.0,0.0
1995-05,6.01,0.0,0.0,0.0,1145.3,0.0,0.0,0.0,0.0,0.0,0.0
1995-06,6.0,0.0,0.0,0.0,1144.2,0.0,0.0,0.0,0.0,0.0,0.0
1995-07,5.85,0.0,0.0,0.0,1145.5,0.0,0.0,0.0,0.0,0.0,0.0
1995-08,5.74,0.0,0.0,0.0,1145.4,0.0,0.0,0.0,0.0,0.0,0.0
1995-09,5.8,0.0,0.0,0.0,1142.0,0.0,0.0,0.0,0.0,0.0,0.0
1995-10,5.76,0.0,0.0,0.0,1137.3,0.0,0.0,0.0,0.0,0.0,0.0
1995-11,5.8,0.0,0.0,0.0,1134.1,0.0,0.0,0.0,0.0,0.0,0.0
1995-12,5.6,0.0,0.0,0.0,1127.5,0.0,0.0,0.0,0.0,0.0,0.0
1996-01,5.56,0.0,0.0,0.0,1123.5,0.0,0.0,0.0,0.0,0.0,0.0
1996-02,5.22,0.0,0.0,0.0,1118.5,0.0,0.0,0.0,0.0,0.0,0.0
1996-03,5.31,0.0,0.0,0.0,1122.6,0.0,0.0,0.0,0.0,0.0,0.0
1996-04,5.22,0.0,0.0,0.0,1124.8,0.0,0.0,0.0,0.0,0.0,0.0
1996-05,5.24,0.0,0.0,0.0,1116.5,0.0,0.0,0.0,0.0,0.0,0.0
1996-06,5.27,0.0,0.0,0.0,1115.2,0.0,0.0,0.0,0.0,0.0,0.0
1996-07,5.4,0.0,0.0,0.0,1112.4,0.0,0.0,0.0,0.0,0.0,0.0
1996-08,5.22,0.0,0.0,0.0,1101.6,0.0,0.0,0.0,0.0,0.0,0.0
1996-09,5.3,0.0,0.0,0.0,1096.2,0.0,0.0,0.0,0.0,0.0,0.0
1996-10,5.24,0.0,0.0,0.0,1085.7,0.0,0.0,0.0,0.0,0.0,0.0
1996-11,5.31,0.0,0.0,0.0,1083.5,0.0,0.0,0.0,0.0,0.0,0.0
1996-12,5.29,0.0,0.0,0.0,1081.3,0.0,0.0,0.0,0.0,0.0,0.0
1997-01,5.25,0.0,0.0,0.0,1081.2,0.0,0.0,0.0,0.0,0.0,0.0
1997-02,5.19,0.0,0.0,0.0,1078.8,0.0,0.0,0.0,0.0,0.0,0.0
1997-03,5.39,0.0,0.0,0.0,1072.5,0.0,0.0,0.0,0.0,0.0,0.0
1997-04,5.51,0.0,0.0,0.0,1063.9,0.0,0.0,0.0,0.0,0.0,0.0
1997-05,5.5,0.0,0.0,0.0,1063.8,0.0,0.0,0.0,0.0,0.0,0.0
1997-06,5.56,0.0,0.0,0.0,1066.1,0.0,0.0,0.0,0.0,0.0,0.0
1997-07,5.52,0.0,0.0,0.0,1065.5,0.0,0.0,0.0,0.0,0.0,0.0
1997-08,5.54,0.0,0.0,0.0,1075.3,0.0,0.0,0.0,0.0,0.0,0.0
1997-09,5.54,0.0,0.0,0.0,1066.9,0.0,0.0,0.0,0.0,0.0,0.0
1997-10,5.5,0.0,0.0,0.0,1065.6,0.0,0.0,0.0,0.0,0.0,0.0
1997-11,5.52,0.0,0.0,0.0,1070.9,0.0,0.0,0.0,0.0,0.0,0.0
1997-12,5.5,0.0,0.0,0.0,1072.3,0.0,0.0,0.0,0.0,0.0,0.0
1998-01,5.56,0.0,0.0,0.0,1074.0,0.0,0.0,0.0,0.0,0.0,0.0
1998-02,5.51,0.0,0.0,0.0,1077.8,0.0,0.0,0.0,0.0,0.0,0.0
1998-03,5.49,0.0,0.0,0.0,1076.9,0.0,0.0,0.0,0.0,0.0,0.0
1998-04,5.45,0.0,0.0,0.0,1076.5,0.0,0.0,0.0,0.0,0.0,0.0
1998-05,5.49,0.0,0.0,0.0,1079.1,0.0,0.0,0.0,0.0,0.0,0.0
1998-06,5.56,0.0,0.0,0.0,1076.3,0.0,0.0,0.0,0.0,0.0,0.0
1998-07,5.54,0.0,0.0,0.0,1075.1,0.0,0.0,0.0,0.0,0.0,0.0
1998-08,5.55,0.0,0.0,0.0,1075.9,0.0,0.0,0.0,0.0,0.0,0.0
1998-09,5.51,0.0,0.0,0.0,1079.9,0.0,0.0,0.0,0.0,0.0,0.0
1998-10,5.07,0.0,0.0,0.0,1086.0,0.0,0.0,0.0,0.0,0.0,0.0
1998-11,4.83,0.0,0.0,0.0,1094.9,0.0,0.0,0.0,0.0,0.0,0.0
1998-12,4.68,0.0,0.0,0.0,1095.0,0.0,0.0,0.0,0.0,0.0,0.0
1999-01,4.63,0.0,0.0,0.0,1098.1,0.0,0.0,0.0,0.0,0.0,0.0
1999-02,4.76,0.0,0.0,0.0,1096.7,0.0,0.0,0.0,0.0,0.0,0.0
1999-03,4.81,0.0,0.0,0.0,1096.6,0.0,0.0,0.0,0.0,0.0,0.0
1999-04,4.74,0.0,0.0,0.0,1101.6,0.0,0.0,0.0,0.0,0.0,0.0
1999-05,4.74,0.0,0.0,0.0,1103.8,0.0,0.0,0.0,0.0,0.0,0.0
1999-06,4.76,0.0,0.0,0.0,1099.8,0.0,0.0,0.0,0.0,0.0,0.0
1999-07,4.99,0.0,0.0,0.0,1099.1,0.0,0.0,0.0,0.0,0.0,0.0
1999-08,5.07,0.0,0.0,0.0,1099.2,0.0,0.0,0.0,0.0,0.0,0.0
1999-09,5.22,0.0,0.0,0.0,1096.5,0.0,0.0,0.0,0.0,0.0,0.0
1999-10,5.2,0.0,0.0,0.0,1103.3,0.0,0.0,0.0,0.0,0.0,0.0
1999-11,5.42,0.0,0.0,0.0,1110.7,0.0,0.0,0.0,0.0,0.0,0.0
1999-12,5.3,0.0,0.0,0.0,1122.2,0.0,0.0,0.0,0.0,0.0,0.0
2000-01,5.45,0.0,0.0,0.0,1122.1,0.0,0.0,0.0,0.0,0.0,0.0
2000-02,5.73,0.0,0.0,0.0,1108.6,0.0,0.0,0.0,0.0,0.0,0.0
2000-03,5.85,0.0,0.0,0.0,1107.5,0.0,0.0,0.0,0.0,0.0,0.0
2000-04,6.02,0.0,0.0,0.0,1115.6,0.0,0.0,0.0,0.0,0.0,0.0
2000-05,6.27,0.0,0.0,0.0,1104.9,0.0,0.0,0.0,0.0,0.0,0.0
2000-06,6.53,0.0,0.0,0.0,1102.6,0.0,0.0,0.0,0.0,0.0,0.0
2000-07,6.54,0.0,0.0,0.0,1103.5,0.0,0.0,0.0,0.0,0.0,0.0
2000-08,6.5,0.0,0.0,0.0,1100.2,0.0,0.0,0.0,0.0,0.0,0.0
2000-09,6.52,0.0,0.0,0.0,1099.7,0.0,0.0,0.0,0.0,0.0,0.0
2000-10,6.51,0.0,0.0,0.0,1098.7,0.0,0.0,0.0,0.0,0.0,0.0
2000-11,6.51,0.0,0.0,0.0,1092.4,0.0,0.0,0.0,0.0,0.0,0.0
2000-12,6.4,0.0,0.0,0.0,1088.6,0.0,0.0,0.0,0.0,0.0,0.0
2001-01,5.98,0.0,0.0,0.0,1096.7,0.0,0.0,0.0,0.0,0.0,0.0
2001-02,5.49,0.0,0.0,0.0,1101.2,0.0,0.0,0.0,0.0,0.0,0.0
2001-03,5.31,0.0,0.0,0.0,1108.9,0.0,0.0,0.0,0.0,0.0,0.0
2001-04,4.8,0.0,0.0,0.0,1116.7,0.0,0.0,0.0,0.0,0.0,0.0
2001-05,4.21,0.0,0.0,0.0,1118.5,0.0,0.0,0.0,0.0,0.0,0.0
2001-06,3.97,0.0,0.0,0.0,1126.2,0.0,0.0,0.0,0.0,0.0,0.0
2001-07,3.77,0.0,0.0,0.0,1138.9,0.0,0.0,0.0,0.0,0.0,0.0
2001-08,3.65,0.0,0.0,0.0,1150.2,0.0,0.0,0.0,0.0,0.0,0.0
2001-09,3.07,0.0,0.0,0.0,1205.7,0.0,0.0,0.0,0.0,0.0,0.0
2001-10,2.49,0.0,0.0,0.0,1165.7,0.0,0.0,0.0,0.0,0.0,0.0
2001-11,2.09,0.0,0.0,0.0,1171.0,0.0,0.0,0.0,0.0,0.0,0.0
2001-12,1.82,0.0,0.0,0.0,1183.2,0.0,0.0,0.0,0.0,0.0,0.0
2002-01,1.73,0.0,0.0,0.0,1190.7,0.0,0.0,0.0,0.0,0.0,0.0
2002-02,1.74,0.0,0.0,0.0,1190.6,0.0,0.0,0.0,0.0,0.0,0.0
2002-03,1.73,0.0,0.0,0.0,1193.3,0.0,0.0,0.0,0.0,0.0,0.0
2002-04,1.75,0.0,0.0,0.0,1186.9,0.0,0.0,0.0,0.0,0.0,0.0
2002-05,1.75,0.0,0.0,0.0,1189.3,0.0,0.0,0.0,0.0,0.0,0.0
2002-06,1.75,0.0,0.0,0.0,1193.3,0.0,0.0,0.0,0.0,0.0,0.0
2002-07,1.73,0.0,0.0,0.0,1199.1,0.0,0.0,0.0,0.0,0.0,0.0
2002-08,1.74,0.0,0.0,0.0,1187.1,0.0,0.0,0.0,0.0,0.0,0.0
2002-09,1.75,0.0,0.0,0.0,1196.1,0.0,0.0,0.0,0.0,0.0,0.0
2002-10,1.75,0.0,0.0,0.0,1204.0,0.0,0.0,0.0,0.0,0.0,0.0
2002-11,1.34,0.0,0.0,0.0,1209.6,0.0,0.0,0.0,0.0,0.0,0.0
2002-12,1.24,0.0,0.0,0.0,1220.2,0.0,0.0,0.0,0.0,0.0,0.0
2003-01,1.24,10.0,0.0,668916.0,1227.3,629406.0,79840.0,172758.0,53300.0,141840.0,0.0
2003-02,1.26,10.0,0.0,649916.0,1238.2,629406.0,79840.0,174818.0,51240.0,143207.0,0.0
2003-03,1.25,10.0,0.0,661756.0,1239.3,635996.0,79828.0,178982.0,51659.0,146752.0,0.0
2003-04,1.26,10.0,0.0,666401.0,1250.0,640891.0,79904.0,180897.0,52287.0,149322.0,0.0
2003-05,1.26,10.0,0.0,684782.0,1268.8,647271.0,79952.0,188832.0,51538.0,153916.0,0.0
2003-06,1.22,10.0,0.0,682869.0,1281.0,650859.0,79983.0,180470.0,46669.0,153894.0,0.0
2003-07,1.01,10.0,0.0,684003.0,1287.5,651993.0,79976.0,180187.0,46663.0,156748.0,0.0
2003-08,1.03,10.0,0.0,679116.0,1296.4,652856.0,79965.0,179349.0,46654.0,159660.0,0.0
2003-09,1.01,10.0,0.0,682681.0,1297.2,653671.0,76929.0,180033.0,50384.0,160830.0,0.0
2003-10,1.01,10.0,0.0,692946.0,1297.8,656186.0,77090.0,176904.0,51660.0,166362.0,0.0
2003-11,1.0,10.0,0.0,686682.0,1299.1,658672.0,77110.0,178364.0,51958.0,157733.0,0.0
2003-12,0.98,10.0,0.0,698025.0,1306.2,664515.0,77128.0,178532.0,50975.0,165225.0,0.0
2004-01,1.0,0.0,0.0,710415.0,1306.0,666665.0,77146.0,187056.0,51312.0,164071.0,0.0
2004-02,1.01,0.0,0.0,690060.0,1321.4,667060.0,77131.0,182295.0,47661.0,163330.0,0.0
2004-03,1.0,0.0,0.0,691527.0,1328.7,671527.0,77359.0,182678.0,49240.0,158892.0,0.0
2004-04,1.0,0.0,0.0,701584.0,1332.8,674084.0,77432.0,183791.0,50002.0,169796.0,0.0
2004-05,1.0,0.0,0.0,713883.0,1333.3,676383.0,77462.0,183823.0,50022.0,159705.0,0.0
2004-06,1.03,0.0,0.0,714383.0,1342.7,680633.0,76627.0,185179.0,50582.0,163583.0,0.0
2004-07,1.26,0.0,0.0,720891.0,1340.8,687391.0,76737.0,187803.0,51586.0,168585.0,0.0
2004-08,1.43,0.0,0.0,715217.0,1354.3,693717.0,76802.0,190934.0,51865.0,165151.0,0.0
2004-09,1.61,0.0,0.0,727358.0,1362.5,694858.0,75919.0,198719.0,49808.0,164194.0,0.0
2004-10,1.76,0.0,0.0,728117.0,1362.3,698617.0,76315.0,199624.0,50517.0,166092.0,0.0
2004-11,1.93,0.0,0.0,730480.0,1374.2,706730.0,76718.0,203509.0,50942.0,169363.0,0.0
2004-12,2.16,0.0,0.0,746641.0,1376.0,712891.0,75637.0,205870.0,54003.0,172435.0,0.0
2005-01,2.28,0.0,0.0,750813.0,1367.1,717813.0,75763.0,208306.0,54371.0,170856.0,0.0
2005-02,2.5,0.0,0.0,746577.0,1371.1,717828.0,75768.0,209684.0,51786.0,169681.0,0.0
2005-03,2.63,0.0,0.0,743089.0,1370.9,717839.0,76934.0,212794.0,50279.0,157795.0,0.0
2005-04,2.79,0.0,0.0,749286.0,1358.4,717536.0,76947.0,212806.0,50284.0,159950.0,0.0
2005-05,3.0,0.0,0.0,749388.0,1366.0,718638.0,76996.0,214130.0,49890.0,159032.0,0.0
2005-06,3.04,0.0,0.0,756926.0,1380.1,725426.0,78008.0,216525.0,53758.0,167571.0,0.0
2005-07,3.26,0.0,0.0,752022.0,1369.0,726022.0,78155.0,216580.0,54151.0,159160.0,0.0
2005-08,3.5,0.0,0.0,755702.0,1377.8,724702.0,78149.0,209725.0,52888.0,168541.0,0.0
2005-09,3.62,0.0,0.0,765880.0,1378.6,730380.0,76985.0,211783.0,52433.0,180980.0,0.0
2005-10,3.78,0.0,0.0,766332.0,1376.5,736082.0,77125.0,215465.0,52592.0,176589.0,0.0
2005-11,4.0,0.0,0.0,761292.0,1376.1,739542.0,77170.0,210625.0,52611.0,183293.0,0.0
2005-12,4.16,0.0,0.0,779418.0,1374.3,744168.0,77194.0,210726.0,56690.0,187020.0,0.0
2006-01,4.29,0.0,0.0,789460.0,1379.5,744210.0,77213.0,210743.0,56698.0,186525.0,0.0
2006-02,4.49,0.0,0.0,771840.0,1378.4,748840.0,79111.0,209981.0,56647.0,186158.0,0.0
2006-03,4.59,0.0,0.0,782432.0,1383.2,754682.0,79796.0,213483.0,54953.0,190678.0,0.0
2006-04,4.79,0.0,0.0,778029.0,1381.4,758529.0,79982.0,215479.0,55375.0,186079.0,0.0
2006-05,4.94,0.0,0.0,786433.0,1387.2,759683.0,80009.0,216926.0,55384.0,177830.0,0.0
2006-06,4.99,0.0,0.0,793161.0,1375.4,762411.0,78280.0,213268.0,59600.0,188284.0,0.0
2006-07,5.24,0.0,0.0,788849.0,1372.4,766349.0,78375.0,215982.0,60712.0,177003.0,0.0
2006-08,5.25,0.0,0.0,785763.0,1372.4,764763.0,78433.0,217918.0,61347.0,175697.0,0.0
2006-09,5.25,0.0,0.0,796988.0,1364.4,766738.0,81285.0,212576.0,59713.0,184496.0,0.0
2006-10,5.25,0.0,0.0,796415.0,1370.3,768915.0,81550.0,214627.0,60276.0,187242.0,0.0
2006-11,5.25,0.0,0.0,794918.0,1370.8,769918.0,81578.0,218327.0,61746.0,193350.0,0.0
2006-12,5.24,0.0,0.0,805610.0,1366.6,772610.0,79482.0,219202.0,67241.0,188536.0,0.0
2007-01,5.25,0.0,0.0,814938.0,1371.7,778938.0,80489.0,224185.0,67650.0,185595.0,0.0
2007-02,5.26,0.0,0.0,810863.0,1363.0,778863.0,81647.0,222478.0,69780.0,179349.0,0.0
2007-03,5.26,0.0,0.0,826043.0,1366.5,780793.0,82494.0,229242.0,66526.0,177267.0,0.0
2007-04,5.25,0.0,0.0,816890.0,1378.0,780890.0,82534.0,224582.0,66552.0,174718.0,0.0
2007-05,5.25,0.0,0.0,825149.0,1380.9,787149.0,83244.0,229833.0,66887.0,174707.0,0.0
2007-06,5.25,0.0,0.0,821260.0,1368.2,790260.0,82220.0,229514.0,74496.0,169274.0,0.0
2007-07,5.26,0.0,0.0,810497.0,1371.8,790497.0,82312.0,233373.0,74556.0,165576.0,0.0
2007-08,5.02,0.0,0.0,815552.0,1376.3,790802.0,83748.0,238073.0,69350.0,178313.0,0.0
2007-09,4.94,0.0,0.0,818387.0,1375.7,784637.0,86200.0,234428.0,75489.0,174430.0,0.0
2007-10,4.76,0.0,0.0,835633.0,1379.4,779633.0,86198.0,235828.0,75488.0,172365.0,0.0
2007-11,4.49,0.0,0.0,828086.0,1371.8,779586.0,86167.0,243868.0,75475.0,164893.0,0.0
2007-12,4.24,0.0,0.0,825693.0,1373.4,779693.0,88776.0,231534.0,81931.0,160446.0,0.0
2008-01,3.94,0.0,0.0,797112.0,1377.7,754612.0,88809.0,233402.0,81945.0,157614.0,0.0
2008-02,2.98,0.0,0.0,768371.0,1380.4,718371.0,88909.0,231432.0,84407.0,149079.0,0.0
2008-03,2.61,0.0,0.0,767855.0,1388.7,713355.0,94174.0,231341.0,88938.0,134163.0,0.0
2008-04,2.28,0.0,0.0,719055.0,1391.4,612305.0,94246.0,214965.0,88977.0,101222.0,0.0
2008-05,1.98,0.0,0.0,664192.0,1393.4,548692.0,94311.0,197438.0,85914.0,102339.0,0.0
2008-06,2.0,0.0,0.0,606091.0,1404.6,491091.0,96430.0,171260.0,90065.0,84440.0,0.0
2008-07,2.01,0.0,0.0,608546.0,1421.1,478796.0,96535.0,171103.0,90121.0,75981.0,0.0
2008-08,2.0,0.0,0.0,602456.0,1407.4,479206.0,96699.0,172683.0,89865.0,69445.0,0.0
2008-09,1.81,0.0,0.0,590642.0,1462.0,479642.0,101280.0,169539.0,91834.0,70320.0,0.0
2008-10,0.97,14500.0,0.0,574121.0,1473.8,476621.0,101401.0,174098.0,93362.0,70092.0,0.0
2008-11,0.39,13620.0,0.0,570089.0,1514.6,476469.0,101333.0,173435.0,94317.0,61340.0,0.0
2008-12,0.16,12221.0,0.0,568628.0,1601.7,476407.0,102028.0,170923.0,96952.0,66692.0,0.0
2009-01,0.15,19708.0,0.0,575629.0,1582.8,475921.0,101834.0,173328.0,97325.0,63330.0,0.0
2009-02,0.22,28365.0,0.0,510871.0,1567.2,475129.0,101510.0,173087.0,97338.0,66649.0,7377.0
2009-03,0.18,38338.0,0.0,581726.0,1578.9,474643.0,99442.0,167973.0,99416.0,61313.0,68739.0
2009-04,0.15,53616.0,205.0,782583.0,1611.6,492330.0,102198.0,175762.0,109586.0,61898.0,236630.0
2009-05,0.18,68158.0,382.0,983358.0,1617.5,549046.0,105939.0,216801.0,118003.0,65124.0,366146.0
2009-06,0.21,79753.0,535.0,1107447.0,1658.8,600142.0,118302.0,241533.0,137233.0,61765.0,427544.0
2009-07,0.16,97828.0,1212.0,1223742.0,1662.5,663470.0,125225.0,261730.0,174540.0,64426.0,462436.0
2009-08,0.16,105915.0,1327.0,1344561.0,1660.0,695758.0,131517.0,277385.0,183950.0,63997.0,542877.0
2009-09,0.15,117392.0,1871.0,1485134.0,1664.9,744878.0,135804.0,312547.0,200238.0,58914.0,622853.0
2009-10,0.12,131176.0,2017.0,1592701.0,1677.7,769160.0,140173.0,324284.0,207135.0,61663.0,692351.0
2009-11,0.12,141601.0,2036.0,1690228.0,1683.0,774561.0,142657.0,324037.0,210318.0,55499.0,774052.0
2009-12,0.12,155066.0,2047.0,1783726.0,1692.8,776535.0,144662.0,331336.0,211686.0,48711.0,852107.0
2010-01,0.11,159879.0,2047.0,1844722.0,1674.7,776587.0,144752.0,329287.0,212771.0,49801.0,908225.0
2010-02,0.13,163673.0,2347.0,1910020.0,1699.8,776619.0,145270.0,327157.0,214778.0,46210.0,969692.0
2010-03,0.16,166533.0,2347.0,1975641.0,1711.9,776549.0,143724.0,337293.0,213261.0,40542.0,1032521.0
2010-04,0.2,168988.0,2347.0,2014390.0,1699.0,776705.0,143942.0,331962.0,215414.0,48552.0,1068643.0
2010-05,0.2,168903.0,2347.0,2042037.0,1710.1,776717.0,144898.0,331703.0,217541.0,48503.0,1096363.0
2010-06,0.18,167377.0,2347.0,2057164.0,1731.6,776877.0,143710.0,340387.0,213494.0,46919.0,1112858.0
2010-07,0.18,164762.0,2347.0,2059878.0,1724.0,776989.0,143834.0,332051.0,215211.0,56099.0,1118077.0
2010-08,0.19,159381.0,2347.0,2053876.0,1748.7,777021.0,143852.0,332301.0,214996.0,52372.0,1117424.0
2010-09,0.19,156502.0,2347.0,2045953.0,1766.2,786283.0,140458.0,341198.0,220725.0,52786.0,1103119.0
2010-10,0.19,154105.0,2347.0,2044313.0,1780.4,811669.0,140901.0,354844.0,232855.0,51827.0,1078491.0
2010-11,0.19,149681.0,2347.0,2038566.0,1828.4,837848.0,146003.0,362505.0,246571.0,48852.0,1050990.0
2010-12,0.18,148178.0,2347.0,2088282.0,1836.7,917451.0,151368.0,397978.0,278938.0,53561.0,1022607.0
2011-01,0.17,147460.0,2347.0,2155703.0,1846.3,1016102.0,159070.0,433903.0,332500.0,55980.0,992097.0
2011-02,0.16,144624.0,2347.0,2224149.0,1870.1,1114448.0,164564.0,471112.0,386665.0,55715.0,965033.0
2011-03,0.14,144119.0,2347.0,2315746.0,1896.5,1213425.0,170899.0,507120.0,435528.0,61118.0,958158.0
2011-04,0.1,132495.0,2347.0,2403095.0,1897.0,1333445.0,179124.0,565623.0,478796.0,67800.0,937112.0
2011-05,0.09,126186.0,2347.0,2466674.0,1941.6,1413467.0,189625.0,591168.0,513052.0,82281.0,926980.0
2011-06,0.09,119093.0,2347.0,2569185.0,1963.4,1532236.0,194367.0,676155.0,539335.0,95392.0,917815.0
2011-07,0.07,116704.0,2347.0,2642617.0,1996.0,1617060.0,196906.0,703587.0,585665.0,100519.0,908814.0
2011-08,0.1,112435.0,2347.0,2647881.0,2115.4,1638161.0,200612.0,710293.0,582718.0,114143.0,897247.0
2011-09,0.08,109776.0,2347.0,2646834.0,2120.0,1652113.0,197178.0,718559.0,579727.0,125263.0,884908.0
2011-10,0.07,108268.0,2347.0,2643806.0,2128.5,1664655.0,198533.0,714534.0,583690.0,129112.0,870848.0
2011-11,0.08,107668.0,2347.0,2634941.0,2182.0,1678012.0,211914.0,697690.0,607404.0,117752.0,849227.0
2011-12,0.07,105909.0,2347.0,2604999.0,2165.7,1672038.0,214407.0,687122.0,631158.0,99698.0,827018.0
2012-01,0.08,103994.0,2347.0,2613382.0,2197.6,1672092.0,230591.0,650378.0,660486.0,87285.0,837248.0
2012-02,0.1,101498.0,2347.0,2599969.0,2209.8,1662459.0,246999.0,625531.0,672891.0,66278.0,835927.0
2012-03,0.13,100817.0,2347.0,2603213.0,2232.4,1661601.0,263238.0,600747.0,687885.0,64782.0,840701.0
2012-04,0.14,96478.0,2347.0,2598175.0,2244.2,1664911.0,281117.0,574954.0,711708.0,52099.0,836678.0
2012-05,0.16,94571.0,2347.0,2610134.0,2260.3,1667766.0,297790.0,549453.0,739042.0,49600.0,847687.0
2012-06,0.16,93252.0,2347.0,2601676.0,2281.7,1656675.0,316180.0,545904.0,723850.0,36607.0,851637.0
2012-07,0.16,91484.0,2347.0,2612993.0,2313.6,1666530.0,332895.0,524628.0,754623.0,21354.0,854853.0
2012-08,0.13,91029.0,2347.0,2593801.0,2350.9,1649294.0,350409.0,502093.0,770462.0,13742.0,853265.0
2012-09,0.14,87210.0,2347.0,2570220.0,2382.4,1639413.0,361856.0,490195.0,778166.0,4812.0,843322.0
2012-10,0.16,83405.0,2347.0,2566787.0,2415.2,1648403.0,377403.0,464564.0,804516.0,992.0,834679.0
2012-11,0.16,81902.0,2347.0,2579274.0,2435.9,1645334.0,393950.0,424184.0,826698.0,19.0,850566.0
2012-12,0.16,79283.0,2347.0,2609467.0,2459.4,1646645.0,405410.0,396251.0,844457.0,42.0,881857.0
2013-01,0.14,76783.0,2347.0,2660271.0,2471.6,1656930.0,425241.0,365270.0,866016.0,16.0,924197.0
2013-02,0.15,75111.0,2347.0,2750952.0,2474.0,1710058.0,437977.0,400314.0,871745.0,14.0,963285.0
2013-03,0.14,73588.0,2347.0,2839047.0,2482.1,1749545.0,442966.0,433570.0,872989.0,14.0,1013367.0
2013-04,0.15,72423.0,2347.0,2937814.0,2513.2,1794459.0,457282.0,442432.0,894432.0,307.0,1068370.0
2013-05,0.11,72053.0,2347.0,3041571.0,2531.9,1847983.0,474369.0,491298.0,882001.0,308.0,1118847.0
2013-06,0.09,70890.0,2347.0,3119382.0,2532.6,1883559.0,487094.0,520574.0,875579.0,308.0,1162240.0
2013-07,0.09,70658.0,2347.0,3207189.0,2541.8,1928416.0,501221.0,547245.0,879602.0,343.0,1205489.0
2013-08,0.08,66521.0,2347.0,3295892.0,2553.7,1982407.0,516990.0,595418.0,869614.0,382.0,1244399.0
2013-09,0.08,65713.0,2347.0,3380664.0,2581.1,2023610.0,520501.0,627563.0,875158.0,382.0,1288741.0
2013-10,0.09,63652.0,2347.0,3467660.0,2620.0,2062004.0,533240.0,646634.0,881740.0,385.0,1339450.0
2013-11,0.08,59080.0,2347.0,3570518.0,2630.5,2117750.0,549955.0,685278.0,882128.0,384.0,1391099.0
2013-12,0.09,58372.0,2347.0,3661892.0,2662.9,2163666.0,565661.0,726355.0,871174.0,472.0,1437299.0
2014-01,0.07,57221.0,2347.0,3756158.0,2696.6,2208775.0,580272.0,763329.0,864700.0,176.0,1487608.0
2014-02,0.07,54911.0,2347.0,3830311.0,2728.4,2243176.0,591779.0,767709.0,883213.0,176.0,1529543.0
2014-03,0.08,51411.0,2347.0,3899733.0,2755.1,2278256.0,602274.0,819714.0,855792.0,177.0,1567161.0
2014-04,0.09,47343.0,2347.0,3961985.0,2777.7,2311539.0,615148.0,831930.0,864279.0,142.0,1600197.0
2014-05,0.09,44965.0,2347.0,4027112.0,2794.3,2350272.0,626487.0,876120.0,847034.0,593.0,1628467.0
2014-06,0.1,44082.0,2347.0,4062788.0,2829.5,2370724.0,633122.0,908671.0,826853.0,1999.0,1644309.0
2014-07,0.09,43659.0,2347.0,4104528.0,2840.0,2396972.0,641782.0,931888.0,821260.0,1995.0,1660162.0
2014-08,0.09,42127.0,2347.0,4136776.0,2803.6,2420285.0,649470.0,968273.0,800501.0,1995.0,1670473.0
2014-09,0.09,41562.0,2347.0,4155806.0,2861.4,2435932.0,654845.0,1022082.0,755717.0,3194.0,1674467.0
2014-10,0.09,40006.0,2347.0,4188166.0,2868.3,2451736.0,660676.0,1047868.0,739908.0,3194.0,1691699.0
2014-11,0.09,39700.0,2347.0,4219168.0,2886.3,2461580.0,663827.0,1050006.0,744464.0,3193.0,1712770.0
2014-12,0.12,38677.0,2347.0,4230112.0,2939.4,2461645.0,658495.0,1098900.0,700729.0,3517.0,1724210.0
2015-01,0.11,38677.0,2347.0,4236873.0,2941.0,2461364.0,658289.0,1112927.0,686627.0,3516.0,1730367.0
2015-02,0.11,37588.0,2347.0,4237064.0,3009.3,2460804.0,649635.0,1113921.0,693727.0,3514.0,1731922.0
2015-03,0.11,36877.0,2347.0,4237251.0,3002.2,2460167.0,643460.0,1147442.0,658967.0,8397.0,1732405.0
2015-04,0.12,36877.0,2347.0,4228384.0,3001.4,2459578.0,643072.0,1112868.0,637917.0,63822.0,1723549.0
2015-05,0.12,35895.0,2347.0,4214779.0,2983.7,2460034.0,643374.0,1112544.0,638005.0,64212.0,1710038.0
2015-06,0.13,35895.0,2347.0,4218968.0,3020.5,2460639.0,644136.0,1119218.0,591678.0,104319.0,1712896.0
2015-07,0.13,35895.0,2347.0,4228931.0,3038.0,2460975.0,644359.0,1098074.0,574120.0,143134.0,1722741.0
2015-08,0.14,35093.0,2347.0,4231429.0,3028.4,2461502.0,644707.0,1099429.0,569324.0,146753.0,1725324.0
2015-09,0.14,35093.0,2347.0,4233581.0,3043.0,2461876.0,637993.0,1138011.0,525562.0,159983.0,1727283.0
2015-10,0.12,35093.0,2347.0,4238274.0,3017.0,2461948.0,638041.0,1142559.0,514060.0,166961.0,1731773.0
2015-11,0.12,34146.0,2347.0,4240037.0,3081.2,2461800.0,637943.0,1135709.0,514037.0,173783.0,1734448.0
2015-12,0.24,32944.0,2347.0,4239362.0,3096.3,2461628.0,637912.0,1129302.0,500535.0,187099.0,1735244.0
2016-01,0.34,32944.0,2347.0,4241965.0,3099.9,2461554.0,637863.0,1124291.0,494987.0,165794.0,1737987.0
2016-02,0.38,31318.0,2347.0,4236838.0,3133.4,2461341.0,633455.0,1120351.0,488379.0,156556.0,1734608.0
2016-03,0.36,31318.0,2347.0,4253447.0,3157.2,2461211.0,629824.0,1141956.0,462562.0,129658.0,1750975.0
2016-04,0.37,29257.0,2347.0,4243666.0,3199.2,2461326.0,632241.0,1155990.0,464882.0,117592.0,1743481.0
2016-05,0.37,27096.0,2347.0,4233335.0,3237.3,2461413.0,632384.0,1156462.0,474322.0,114431.0,1735039.0
2016-06,0.38,25096.0,2347.0,4229933.0,3244.1,2461761.0,636112.0,1197951.0,449610.0,147354.0,1733000.0
2016-07,0.39,25096.0,2347.0,4230940.0,3242.5,2462303.0,636440.0,1199997.0,447746.0,140394.0,1733003.0
2016-08,0.4,22492.0,2347.0,4226345.0,3315.7,2462763.0,638237.0,1197151.0,452309.0,147720.0,1729969.0
2016-09,0.4,22492.0,2347.0,4230119.0,3322.6,2463645.0,635097.0,1209239.0,431098.0,161282.0,1732010.0
2016-10,0.4,20492.0,2347.0,4220827.0,3330.3,2463460.0,634982.0,1209208.0,431066.0,150738.0,1724248.0
2016-11,0.41,18493.0,2347.0,4217878.0,3354.7,2463544.0,635028.0,1202724.0,433465.0,146893.0,1723351.0
2016-12,0.54,18493.0,2347.0,4223028.0,3345.4,2463861.0,633074.0,1241826.0,399648.0,146820.0,1729920.0
2017-01,0.65,16180.0,2347.0,4221168.0,3398.2,2463601.0,633160.0,1241849.0,399275.0,146822.0,1730726.0
2017-02,0.66,16180.0,2347.0,4224242.0,3411.3,2463426.0,630067.0,1210166.0,407659.0,167127.0,1733903.0
2017-03,0.79,13329.0,2347.0,4240003.0,3456.2,2463488.0,626781.0,1216789.0,376104.0,195256.0,1751926.0
2017-04,0.9,13329.0,2347.0,4246783.0,3450.1,2464335.0,627368.0,1216893.0,376236.0,183368.0,1758023.0
2017-05,0.91,11829.0,2347.0,4245572.0,3512.8,2464730.0,627696.0,1194564.0,381211.0,200650.0,1757660.0
2017-06,1.04,8834.0,2347.0,4244487.0,3520.9,2464696.0,632743.0,1174320.0,353768.0,259257.0,1759254.0
2017-07,1.15,8097.0,2347.0,4243422.0,3541.8,2465046.0,632949.0,1174374.0,353845.0,256069.0,1758679.0
2017-08,1.16,8097.0,2347.0,4242265.0,3580.3,2465170.0,633907.0,1152633.0,357353.0,276684.0,1756956.0
2017-09,1.15,6757.0,2347.0,4239610.0,3563.4,2465300.0,633213.0,1163518.0,324365.0,310316.0,1754507.0
2017-10,1.15,6757.0,2347.0,4240344.0,3601.2,2465427.0,633168.0,1144897.0,325425.0,323377.0,1750794.0
2017-11,1.16,6757.0,2347.0,4237214.0,3631.9,2459827.0,633529.0,1111513.0,329644.0,345643.0,1753420.0
2017-12,1.3,4391.0,2347.0,4228444.0,3618.9,2456959.0,623118.0,1117114.0,308302.0,335543.0,1746658.0
2018-01,1.41,4391.0,2347.0,4223535.0,3668.4,2454219.0,622890.0,1095446.0,310412.0,328412.0,1744739.0
2018-02,1.42,4391.0,2347.0,4201346.0,3633.9,2436211.0,621274.0,1081309.0,322166.0,297078.0,1734134.0
2018-03,1.51,4391.0,2347.0,4188604.0,3672.5,2424242.0,626067.0,1081426.0,297846.0,326901.0,1723712.0
2018-04,1.69,4391.0,2347.0,4183642.0,3653.6,2424883.0,626439.0,1081513.0,298012.0,298438.0,1718592.0
2018-05,1.7,4391.0,2347.0,4162576.0,3646.2,2413218.0,614941.0,1079938.0,308277.0,289432.0,1708799.0
2018-06,1.82,4391.0,2347.0,4126081.0,3644.7,2387103.0,619228.0,1059169.0,288986.0,306289.0,1695309.0
2018-07,1.91,2409.0,2347.0,4101930.0,3669.2,2378250.0,619464.0,1051171.0,296305.0,305421.0,1681954.0
2018-08,1.91,2409.0,2347.0,4048829.0,3682.7,2336876.0,619818.0,1028048.0,296622.0,329380.0,1668371.0
2018-09,1.95,2409.0,2347.0,4024004.0,3692.3,2324589.0,617123.0,1016040.0,267189.0,326061.0,1654224.0
2018-10,2.19,2409.0,2347.0,3997380.0,3721.5,2313208.0,617133.0,1010629.0,267467.0,315819.0,1637976.0
2018-11,2.2,2409.0,2347.0,3941797.0,3708.4,2270399.0,617170.0,985372.0,264095.0,324193.0,1620096.0
2018-12,2.27,2409.0,2347.0,3908994.0,3771.2,2253117.0,618528.0,961680.0,263727.0,306254.0,1592221.0
2019-01,2.4,2409.0,2347.0,3880249.0,3772.9,2240717.0,618630.0,964817.0,264607.0,302121.0,1574198.0
2019-02,2.4,2409.0,2347.0,3844229.0,3783.4,2220012.0,618041.0,957302.0,259354.0,260766.0,1557126.0
2019-03,2.41,2409.0,2347.0,3792109.0,3746.4,2182092.0,617145.0,930742.0,254779.0,274117.0,1543631.0
2019-04,2.42,2347.0,2347.0,3770666.0,3770.6,2175596.0,617630.0,922088.0,252513.0,270528.0,1519803.0
2019-05,2.39,2347.0,2347.0,3701734.0,3775.4,2123954.0,605225.0,902502.0,258659.0,275285.0,1502506.0
2019-06,2.38,2347.0,1861.0,3672496.0,3813.4,2114744.0,611966.0,867409.0,266461.0,251025.0,1482829.0
2019-07,2.4,2347.0,1861.0,3645329.0,3844.8,2110256.0,612229.0,870787.0,267937.0,246845.0,1461524.0
2019-08,2.13,2347.0,1861.0,3594822.0,3844.0,2080700.0,612516.0,863166.0,265728.0,256814.0,1434819.0
2019-09,2.04,2347.0,1861.0,3587082.0,3887.7,2095130.0,618672.0,830985.0,291712.0,268484.0,1411935.0
2019-10,1.83,2347.0,1861.0,3682287.0,3926.1,2107683.0,621296.0,839685.0,297606.0,269442.0,1390660.0
2019-11,1.55,2347.0,1861.0,3839100.0,3955.6,2175491.0,625215.0,856122.0,302405.0,292006.0,1367737.0
2019-12,1.55,2347.0,1861.0,3881812.0,4011.2,2248498.0,636521.0,882505.0,317323.0,303961.0,1346892.0
2020-01,1.55,2347.0,1861.0,3995576.0,4019.2,2328933.0,640547.0,900972.0,321591.0,341875.0,1334002.0
2020-02,1.58,2347.0,1196.0,3973868.0,4028.4,2409108.0,643290.0,908219.0,315598.0,378533.0,1315260.0
2020-03,0.65,2347.0,1196.0,3991690.0,4281.3,2474060.0,655702.0,913398.0,325382.0,355980.0,1300157.0
2020-04,0.05,2347.0,1196.0,5063951.0,4774.4,3340832.0,795949.0,1298345.0,509228.0,468063.0,1383805.0
2020-05,0.05,2347.0,1196.0,5736689.0,16262.0,3971419.0,892381.0,1572472.0,665596.0,535821.0,1526351.0
2020-06,0.08,2347.0,911.0,6128070.0,16583.8,4109512.0,913177.0,1577552.0,719915.0,564220.0,1752140.0
2020-07,0.09,2347.0,911.0,6188149.0,16773.8,4213220.0,932391.0,1597928.0,732150.0,635460.0,1829799.0
2020-08,0.1,2347.0,911.0,6229291.0,16887.0,4293563.0,944684.0,1627218.0,746156.0,644020.0,1853439.0
2020-09,0.09,2347.0,911.0,6310134.0,17156.8,4358559.0,972889.0,1648650.0,771901.0,663816.0,1871086.0
2020-10,0.09,2347.0,911.0,6431599.0,17346.8,4445477.0,993773.0,1673536.0,788868.0,694799.0,1903224.0
2020-11,0.09,2347.0,911.0,6530839.0,17589.1,4527186.0,1006780.0,1710201.0,809323.0,654840.0,1922034.0
2020-12,0.09,2347.0,529.0,6613518.0,17812.4,4606580.0,1029539.0,1711895.0,826697.0,668914.0,1927570.0
2021-01,0.09,2347.0,529.0,6731731.0,18100.8,4688916.0,1054458.0,1767023.0,827914.0,649811.0,1965404.0
2021-02,0.08,2347.0,529.0,6839223.0,18389.6,4766107.0,1072272.0,1815819.0,834222.0,648172.0,1997776.0
2021-03,0.07,2347.0,529.0,7028099.0,18669.3,4844574.0,1090379.0,1833210.0,858715.0,630641.0,2106554.0
2021-04,0.07,2347.0,213.0,7129308.0,18917.7,4942277.0,1127312.0,1881534.0,889019.0,655501.0,2113904.0
2021-05,0.06,2347.0,213.0,7208414.0,19197.1,5014762.0,1149886.0,1902633.0,906047.0,628477.0,2122644.0
2021-06,0.08,2347.0,213.0,7333815.0,19243.8,5087157.0,1183576.0,1937380.0,926562.0,647962.0,2175272.0
2021-07,0.1,2347.0,213.0,7505369.0,19407.5,5183385.0,1212068.0,1995709.0,950972.0,678379.0,2252657.0
2021-08,0.09,2347.0,213.0,7650866.0,19682.4,5263740.0,1228589.0,2034725.0,962161.0,676407.0,2319461.0
2021-09,0.08,2347.0,213.0,7806085.0,19862.2,5365670.0,1266913.0,2049268.0,978139.0,704235.0,2373590.0
2021-10,0.08,2347.0,213.0,7928087.0,19862.2,5431056.0,1280427.0,2093284.0,981756.0,702379.0,2429168.0
